-- phpMyAdmin SQL Dump
-- version 5.1.0
-- https://www.phpmyadmin.net/
--
-- Servidor: 127.0.0.1
-- Tiempo de generación: 30-12-2021 a las 21:30:32
-- Versión del servidor: 10.4.19-MariaDB
-- Versión de PHP: 8.0.6

SET SQL_MODE = "NO_AUTO_VALUE_ON_ZERO";
START TRANSACTION;
SET time_zone = "+00:00";


/*!40101 SET @OLD_CHARACTER_SET_CLIENT=@@CHARACTER_SET_CLIENT */;
/*!40101 SET @OLD_CHARACTER_SET_RESULTS=@@CHARACTER_SET_RESULTS */;
/*!40101 SET @OLD_COLLATION_CONNECTION=@@COLLATION_CONNECTION */;
/*!40101 SET NAMES utf8mb4 */;

--
-- Base de datos: `servicio-externo`
--

-- --------------------------------------------------------

--
-- Estructura de tabla para la tabla `alcance`
--

CREATE TABLE `alcance` (
  `idAlcance` int(11) NOT NULL,
  `nombre` varchar(100) NOT NULL
) ENGINE=InnoDB DEFAULT CHARSET=utf8mb4;

--
-- Volcado de datos para la tabla `alcance`
--

INSERT INTO `alcance` (`idAlcance`, `nombre`) VALUES
(1, 'ESTATAL'),
(2, 'NACIONAL'),
(3, 'INTERNACIONAL');

-- --------------------------------------------------------

--
-- Estructura de tabla para la tabla `alumno`
--

CREATE TABLE `alumno` (
  `idAlumno` int(11) NOT NULL,
  `nombre` varchar(100) NOT NULL,
  `email` varchar(100) NOT NULL,
  `telefono` varchar(100) NOT NULL,
  `idCarrera` int(11) DEFAULT NULL
) ENGINE=InnoDB DEFAULT CHARSET=utf8mb4;

-- --------------------------------------------------------

--
-- Estructura de tabla para la tabla `areaconoc`
--

CREATE TABLE `areaconoc` (
  `idAreaC` int(11) NOT NULL,
  `nomAreaC` varchar(100) NOT NULL
) ENGINE=InnoDB DEFAULT CHARSET=utf8mb4;

--
-- Volcado de datos para la tabla `areaconoc`
--

INSERT INTO `areaconoc` (`idAreaC`, `nomAreaC`) VALUES
(1, 'I. y T. INGENIERÍA Y TECNOLOGÍA'),
(2, 'E.A. ECONOMÍA ADMINISTRATIVA'),
(3, 'C.N.E. CIENCIAS NATURALES Y EXACTAS'),
(4, 'A.F.E.P. AGROPECUARIAS, FORESTALES, EXTRACTIVAS, ETC.'),
(5, 'H. HUMANIDADES');

-- --------------------------------------------------------

--
-- Estructura de tabla para la tabla `asesorexterno`
--

CREATE TABLE `asesorexterno` (
  `idAsesorE` int(11) NOT NULL,
  `nombre` varchar(100) NOT NULL,
  `email` varchar(100) NOT NULL,
  `telefono` varchar(100) NOT NULL
) ENGINE=InnoDB DEFAULT CHARSET=utf8mb4;

--
-- Volcado de datos para la tabla `asesorexterno`
--

INSERT INTO `asesorexterno` (`idAsesorE`, `nombre`, `email`, `telefono`) VALUES
(5, 'ABRAHAM', 'AV@GMAIL.COM', '1335472');

-- --------------------------------------------------------

--
-- Estructura de tabla para la tabla `asesorinterno`
--

CREATE TABLE `asesorinterno` (
  `idAsesorI` int(70) NOT NULL,
  `nombre` varchar(100) NOT NULL,
  `email` varchar(100) NOT NULL,
  `telefono` varchar(100) NOT NULL
) ENGINE=InnoDB DEFAULT CHARSET=utf8mb4;

--
-- Volcado de datos para la tabla `asesorinterno`
--

INSERT INTO `asesorinterno` (`idAsesorI`, `nombre`, `email`, `telefono`) VALUES
(4, 'VICTOR ZARAGOZA', 'AV@GMAIL.COM', '9514038978');

-- --------------------------------------------------------

--
-- Estructura de tabla para la tabla `carrera`
--

CREATE TABLE `carrera` (
  `idCarrera` int(70) NOT NULL,
  `nomCarrera` varchar(100) NOT NULL
) ENGINE=InnoDB DEFAULT CHARSET=utf8mb4;

--
-- Volcado de datos para la tabla `carrera`
--

INSERT INTO `carrera` (`idCarrera`, `nomCarrera`) VALUES
(2, 'INGENIERÍA INFORMÁTICA'),
(3, 'INGENIERÍA FORESTAL'),
(4, 'INGENIERÍA AGRONOMÍA'),
(5, 'LICENCIATURA BIOLOGÍA'),
(6, 'INGENIERÍA TIC´S'),
(8, 'DOCTORADO'),
(9, 'POSTGRADO');

-- --------------------------------------------------------

--
-- Estructura de tabla para la tabla `convenio`
--

CREATE TABLE `convenio` (
  `idConvenio` int(11) NOT NULL,
  `folio` varchar(100) NOT NULL,
  `vigenciaIndefinida` varchar(100) DEFAULT NULL,
  `fechaFirma` date NOT NULL,
  `fechaVigencia` date DEFAULT NULL,
  `estatus` varchar(100) NOT NULL,
  `urlConvenio` varchar(500) DEFAULT NULL,
  `carreras` varchar(500) NOT NULL,
  `idTipoCon` int(11) NOT NULL,
  `idInstancia` int(11) NOT NULL,
  `idUsuario` bigint(20) UNSIGNED NOT NULL,
  `idIndicador` int(11) DEFAULT NULL
) ENGINE=InnoDB DEFAULT CHARSET=utf8mb4;

--
-- Volcado de datos para la tabla `convenio`
--

INSERT INTO `convenio` (`idConvenio`, `folio`, `vigenciaIndefinida`, `fechaFirma`, `fechaVigencia`, `estatus`, `urlConvenio`, `carreras`, `idTipoCon`, `idInstancia`, `idUsuario`, `idIndicador`) VALUES
(37, 'SIN FOLIO', '', '2017-01-16', '2019-01-16', 'FINALIZADO', 'HTTPS://SNITMX-MY.SHAREPOINT.COM/:B:/R/PERSONAL/VIN_VOAXACA_TECNM_MX/DOCUMENTS/CONVENIOS%20PDF%C2%B4S/CONVENIOS%202017/AGAVE%20DE%20CORT%C3%A9S.PDF?CSF=1&WEB=1&E=8KQVJT', '4,3,5', 3, 41, 1, 20),
(38, 'SIN FOLIO', '', '2017-01-22', '2020-01-22', 'FINALIZADO', 'HTTPS://SNITMX-MY.SHAREPOINT.COM/PERSONAL/VIN_VOAXACA_TECNM_MX/_LAYOUTS/15/ONEDRIVE.ASPX?ID=%2FPERSONAL%2FVIN%5FVOAXACA%5FTECNM%5FMX%2FDOCUMENTS%2FCONVENIOS%20PDF%C2%B4S%2FCONVENIOS%202017', '2,3,4,5,6', 3, 12, 1, 20),
(39, 'SIN FOLIO', '', '2017-01-24', '2018-12-31', 'FINALIZADO', 'HTTPS://SNITMX-MY.SHAREPOINT.COM/:B:/R/PERSONAL/VIN_VOAXACA_TECNM_MX/DOCUMENTS/CONVENIOS%20PDF%C2%B4S/CONVENIOS%202017/MUNICIPIO%20LIBRE%20Y%20SOBERANO%20DE%20SANTA%20CRUZ%20XOXOCOTL%C3%A1N.PDF?CSF=1&WEB=1&E=DSVLUI', '6,2', 3, 52, 1, 20),
(40, 'SIN FOLIO', '', '2017-01-30', '2019-01-30', 'FINALIZADO', 'HTTPS://SNITMX-MY.SHAREPOINT.COM/:B:/R/PERSONAL/VIN_VOAXACA_TECNM_MX/DOCUMENTS/CONVENIOS%20PDF%C2%B4S/CONVENIOS%202017/DISE%C3%B1O%20DID%C3%A1CTICO%20INTERACTIVO.PDF?CSF=1&WEB=1&E=THU89Y', '2,6', 1, 53, 1, 20),
(41, 'SIN FOLIO', '', '2017-01-30', '2019-01-30', 'FINALIZADO', 'HTTPS://SNITMX-MY.SHAREPOINT.COM/:B:/R/PERSONAL/VIN_VOAXACA_TECNM_MX/DOCUMENTS/CONVENIOS%20PDF%C2%B4S/CONVENIOS%202017/SERVICIOS%20EN%20TELECOMUNICACIONES%20E%20INFORM%C3%A1TICA.PDF?CSF=1&WEB=1&E=IUDRIK', '2,6', 1, 54, 1, 20),
(42, 'SIN FOLIO', '', '2017-01-30', '2019-01-30', 'FINALIZADO', 'HTTPS://SNITMX-MY.SHAREPOINT.COM/:B:/R/PERSONAL/VIN_VOAXACA_TECNM_MX/DOCUMENTS/CONVENIOS%20PDF%C2%B4S/CONVENIOS%202017/013-2017-CR.PDF?CSF=1&WEB=1&E=N8VEEW', '3,4,5', 1, 55, 1, 20),
(43, 'SIN FOLIO', '', '2017-02-02', '2021-02-02', 'FINALIZADO', 'HTTPS://SNITMX-MY.SHAREPOINT.COM/:B:/R/PERSONAL/VIN_VOAXACA_TECNM_MX/DOCUMENTS/CONVENIOS%20PDF%C2%B4S/CONVENIOS%202017/011-2017-CM.PDF?CSF=1&WEB=1&E=7OCHLO', '6,2', 3, 56, 1, 6),
(44, 'SIN FOLIO', '', '2017-02-14', '2017-12-31', 'FINALIZADO', 'HTTPS://SNITMX-MY.SHAREPOINT.COM/:B:/R/PERSONAL/VIN_VOAXACA_TECNM_MX/DOCUMENTS/CONVENIOS%20PDF%C2%B4S/CONVENIOS%202017/MUNCIPIO%20DE%20OAXACA%20DE%20JU%C3%A1REZ.PDF?CSF=1&WEB=1&E=NUWCOO', '6,2', 3, 57, 1, 20),
(45, 'SIN FOLIO', '', '2017-05-23', '2022-05-23', 'VIGENTE', 'HTTPS://SNITMX-MY.SHAREPOINT.COM/:B:/R/PERSONAL/VIN_VOAXACA_TECNM_MX/DOCUMENTS/CONVENIOS%20PDF%C2%B4S/CONVENIOS%202017/IEBO-CONVENIOGENERAL.PDF?CSF=1&WEB=1&E=XGLYZB', '6,2', 3, 58, 1, 20),
(46, 'SIN FOLIO', '', '2017-08-30', '2019-08-30', 'FINALIZADO', 'HTTPS://SNITMX-MY.SHAREPOINT.COM/:B:/R/PERSONAL/VIN_VOAXACA_TECNM_MX/DOCUMENTS/CONVENIOS%20PDF%C2%B4S/CONVENIOS%202017/IEBO-RESIDENCIAS%20PROFESIONALES.PDF?CSF=1&WEB=1&E=Z7AHOR', '6,2', 1, 58, 1, 20),
(47, 'SIN FOLIO', 'SI', '2017-05-24', NULL, 'FINALIZADO', 'HTTPS://SNITMX-MY.SHAREPOINT.COM/:B:/R/PERSONAL/VIN_VOAXACA_TECNM_MX/DOCUMENTS/CONVENIOS%20PDF%C2%B4S/CONVENIOS%202017/09-2017-CM.PDF?CSF=1&WEB=1&E=UETWWD', '2,3,4,5,6', 3, 63, 1, 20),
(48, 'SIN FOLIO', '', '2017-06-26', '2020-06-26', 'FINALIZADO', 'HTTPS://SNITMX-MY.SHAREPOINT.COM/:B:/R/PERSONAL/VIN_VOAXACA_TECNM_MX/DOCUMENTS/CONVENIOS%20PDF%C2%B4S/CONVENIOS%202017/INSTITUTO%20TECNOL%C3%B3GICO%20DE%20LA%20CONSTRUCCI%C3%B3N.PDF?CSF=1&WEB=1&E=ZUA4DI', '3,6,2,4', 3, 59, 1, 18),
(49, 'SIN FOLIO', '', '2017-06-28', '2020-06-28', 'FINALIZADO', 'HTTPS://SNITMX-MY.SHAREPOINT.COM/:B:/R/PERSONAL/VIN_VOAXACA_TECNM_MX/DOCUMENTS/CONVENIOS%20PDF%C2%B4S/CONVENIOS%202017/INSTITUTO%20TECNOLOGICO%20DE%20PUEBLA.PDF?CSF=1&WEB=1&E=DLHXEH', '6,2', 3, 60, 1, 18),
(50, 'SIN FOLIO', '', '2017-08-30', '2019-08-30', 'FINALIZADO', 'HTTPS://SNITMX-MY.SHAREPOINT.COM/:B:/R/PERSONAL/VIN_VOAXACA_TECNM_MX/DOCUMENTS/CONVENIOS%20PDF%C2%B4S/CONVENIOS%202017/MEZCALES%20EL%20SABINO.PDF?CSF=1&WEB=1&E=UUUPH6', '3,4', 1, 61, 1, 20),
(51, 'SIN FOLIO', '', '2017-08-30', '2019-08-30', 'FINALIZADO', 'HTTPS://SNITMX-MY.SHAREPOINT.COM/:B:/R/PERSONAL/VIN_VOAXACA_TECNM_MX/DOCUMENTS/CONVENIOS%20PDF%C2%B4S/CONVENIOS%202017/SAN%20PEDRO%20TOTOLAPAM.PDF?CSF=1&WEB=1&E=BSCA0Y', '2,3,4,5,6', 1, 62, 1, 20),
(52, 'SIN FOLIO', '', '2017-08-30', '2019-08-30', 'FINALIZADO', 'HTTPS://SNITMX-MY.SHAREPOINT.COM/:B:/R/PERSONAL/VIN_VOAXACA_TECNM_MX/DOCUMENTS/CONVENIOS%20PDF%C2%B4S/CONVENIOS%202017/IEBO-RESIDENCIAS%20PROFESIONALES.PDF?CSF=1&WEB=1&E=2E4RLR', '6,2', 1, 58, 1, 20),
(53, 'SIN FOLIO', 'NO', '2017-08-30', '2019-08-30', 'FINALIZADO', 'HTTPS://SNITMX-MY.SHAREPOINT.COM/:B:/R/PERSONAL/VIN_VOAXACA_TECNM_MX/DOCUMENTS/CONVENIOS%20PDF%C2%B4S/CONVENIOS%202017/BIODIVERSIDAD%20Y%20DESARROLLO%20SOCIAL%20BIOSOC.PDF?CSF=1&WEB=1&E=YKCY9A', '6,2', 1, 64, 1, 20),
(54, 'SIN FOLIO', 'NO', '2017-08-30', '2019-08-30', 'FINALIZADO', 'HTTPS://SNITMX-MY.SHAREPOINT.COM/:B:/R/PERSONAL/VIN_VOAXACA_TECNM_MX/DOCUMENTS/CONVENIOS%20PDF%C2%B4S/CONVENIOS%202017/STRATOS%20EJERCITO%20CREATIVO%20S.A%20DE%20C.V.PDF?CSF=1&WEB=1&E=GFGBHY', '6,2', 1, 65, 1, 20),
(55, 'SIN FOLIO', 'NO', '2017-08-30', '2018-12-31', 'FINALIZADO', 'HTTPS://SNITMX-MY.SHAREPOINT.COM/:B:/R/PERSONAL/VIN_VOAXACA_TECNM_MX/DOCUMENTS/CONVENIOS%20PDF%C2%B4S/CONVENIOS%202017/MUNICIPIO%20DE%20VILLA%20DE%20ZAACHILA.PDF?CSF=1&WEB=1&E=VFEUGP', '6,2,5', 1, 66, 1, 20),
(56, 'SIN FOLIO', 'NO', '2017-08-30', '2019-08-30', 'FINALIZADO', 'HTTPS://SNITMX-MY.SHAREPOINT.COM/:B:/R/PERSONAL/VIN_VOAXACA_TECNM_MX/DOCUMENTS/CONVENIOS%20PDF%C2%B4S/CONVENIOS%202017/011-2017-CR.PDF?CSF=1&WEB=1&E=FGE6RT', '6,2,5', 1, 67, 1, 20),
(57, 'SIN FOLIO', 'NO', '2017-08-30', '2019-08-30', 'FINALIZADO', 'HTTPS://SNITMX-MY.SHAREPOINT.COM/:B:/R/PERSONAL/VIN_VOAXACA_TECNM_MX/DOCUMENTS/CONVENIOS%20PDF%C2%B4S/CONVENIOS%202017/012-2017-CR.PDF?CSF=1&WEB=1&E=ZBDIC3', '6,2,5', 1, 68, 1, 20),
(58, 'SIN FOLIO', 'NO', '2017-08-31', '2022-08-31', 'VIGENTE', 'HTTPS://SNITMX-MY.SHAREPOINT.COM/:B:/R/PERSONAL/VIN_VOAXACA_TECNM_MX/DOCUMENTS/CONVENIOS%20PDF%C2%B4S/CONVENIOS%202017/010-2017-CR.PDF?CSF=1&WEB=1&E=9FBEWR', '2,3,4,5,6', 1, 69, 1, 6),
(59, 'SIN FOLIO', 'NO', '2017-08-31', '2022-08-31', 'VIGENTE', 'HTTPS://SNITMX-MY.SHAREPOINT.COM/:B:/R/PERSONAL/VIN_VOAXACA_TECNM_MX/DOCUMENTS/CONVENIOS%20PDF%C2%B4S/CONVENIOS%202017/010-2017-CM.PDF?CSF=1&WEB=1&E=LWKT5O', '2,3,4,5,6', 3, 69, 1, 6),
(60, 'SIN FOLIO', 'NO', '2017-10-20', '2020-10-20', 'FINALIZADO', 'HTTPS://SNITMX-MY.SHAREPOINT.COM/:B:/R/PERSONAL/VIN_VOAXACA_TECNM_MX/DOCUMENTS/CONVENIOS%20PDF%C2%B4S/CONVENIOS%202017/UNIVERSIDAD%20INTERCULTURAL%20MAYA%20DE%20QUINTANA%20ROO.PDF?CSF=1&WEB=1&E=BEXXMQ', '2,3,4,5,6', 3, 70, 1, 6),
(61, 'SIN FOLIO', 'NO', '2017-12-11', '2022-11-30', 'VIGENTE', 'HTTPS://SNITMX-MY.SHAREPOINT.COM/:B:/R/PERSONAL/VIN_VOAXACA_TECNM_MX/DOCUMENTS/CONVENIOS%20PDF%C2%B4S/CONVENIOS%202017/09-2017-CM.PDF?CSF=1&WEB=1&E=D96C3G', '2,3,4,5,6', 3, 50, 1, 20),
(62, 'SIN FOLIO', 'NO', '2017-12-12', '2019-12-12', 'FINALIZADO', 'HTTPS://SNITMX-MY.SHAREPOINT.COM/:B:/R/PERSONAL/VIN_VOAXACA_TECNM_MX/DOCUMENTS/CONVENIOS%20PDF%C2%B4S/CONVENIOS%202017/COESFO.PDF?CSF=1&WEB=1&E=XGFL9P', '3', 3, 20, 1, 6),
(63, 'SIN FOLIO', 'NO', '2017-12-16', '2018-12-16', 'FINALIZADO', 'HTTPS://SNITMX-MY.SHAREPOINT.COM/:B:/R/PERSONAL/VIN_VOAXACA_TECNM_MX/DOCUMENTS/CONVENIOS%20PDF%C2%B4S/CONVENIOS%202017/PUNTO%20MEXICO%20CONECTADO.PDF?CSF=1&WEB=1&E=AY8GSK', '6,2', 3, 72, 1, 6),
(64, 'SIN FOLIO', 'NO', '2018-01-09', '2020-01-09', 'FINALIZADO', 'HTTPS://SNITMX-MY.SHAREPOINT.COM/:B:/R/PERSONAL/VIN_VOAXACA_TECNM_MX/DOCUMENTS/CONVENIOS%20PDF%C2%B4S/CONVENIOS%202018/CUCBA%20DE%20LA%20UNIVERSIDAD%20DE%20GUADALAJARA-ACUERDO%20RESIDENCIAS%20PROFESIONALES.PDF?CSF=1&WEB=1&E=VC1GNS', '4,3,5', 1, 73, 1, 6),
(65, 'SIN FOLIO', 'NO', '2018-01-15', '2020-01-15', 'FINALIZADO', 'HTTPS://SNITMX-MY.SHAREPOINT.COM/:B:/R/PERSONAL/VIN_VOAXACA_TECNM_MX/DOCUMENTS/CONVENIOS%20PDF%C2%B4S/CONVENIOS%202018/COLEGIO%20SUPERIOR%20PARA%20LA%20EDUCACION%20INTEGRAL%20INTERCULTURAL%20DE%20OAXACA-ACUERDO%20RESIDENCIAS%20PROFESIONALES.PDF?CSF=1&WEB=1&E=AG6LUV', '6,2', 1, 74, 1, 6),
(66, 'SIN FOLIO', 'NO', '2018-02-06', '2020-02-06', 'FINALIZADO', 'HTTPS://SNITMX-MY.SHAREPOINT.COM/:B:/R/PERSONAL/VIN_VOAXACA_TECNM_MX/DOCUMENTS/CONVENIOS%20PDF%C2%B4S/CONVENIOS%202018/LA%20VENTANA,%20INVESTIGACION%20Y%20DIVULGACION%20CIENTIFICA%20PARA%20EL%20DESARROLLO%20REGIONAL%20A.C.PDF?CSF=1&WEB=1&E=LYPBTDV', '2,3,4,5,6', 1, 75, 1, 6),
(67, 'SIN FOLIO', 'NO', '2018-02-10', '2021-02-10', 'FINALIZADO', 'HTTPS://SNITMX-MY.SHAREPOINT.COM/:B:/R/PERSONAL/VIN_VOAXACA_TECNM_MX/DOCUMENTS/CONVENIOS%20PDF%C2%B4S/CONVENIOS%202018/COORDINADORA%20ESTATAL%20DE%20PRODUCTORES%20DE%20CAF%C3%A9%20ACUERDO%20MARCO.PDF?CSF=1&WEB=1&E=Q10F7M', '3,4', 3, 76, 1, 20),
(68, 'SIN FOLIO', 'NO', '2018-04-19', '2021-04-19', 'FINALIZADO', 'HTTPS://SNITMX-MY.SHAREPOINT.COM/:B:/R/PERSONAL/VIN_VOAXACA_TECNM_MX/DOCUMENTS/CONVENIOS%20PDF%C2%B4S/CONVENIOS%202018/EJIDO%20DE%20MAGDALENA%20APASCO,%20ETLA,%20OAXACA--ACUERDO%20GENERAL.PDF?CSF=1&WEB=1&E=D7QTM0', '2,3,4,5,6', 3, 77, 1, 20),
(69, 'SIN FOLIO', 'NO', '2018-04-19', '2021-04-19', 'FINALIZADO', 'HTTPS://SNITMX-MY.SHAREPOINT.COM/:B:/R/PERSONAL/VIN_VOAXACA_TECNM_MX/DOCUMENTS/CONVENIOS%20PDF%C2%B4S/CONVENIOS%202018/EJIDO%20DE%20MAGDALENA%20APASCO,%20ETLA,%20OAXACA--ACUERDO%20RESIDENCIAS%20PROFESIONALES.PDF?CSF=1&WEB=1&E=HHWIVR', '2,3,4,5,6', 1, 77, 1, 20),
(70, 'SIN FOLIO', 'NO', '2018-04-19', '2021-04-19', 'FINALIZADO', 'HTTPS://SNITMX-MY.SHAREPOINT.COM/:B:/R/PERSONAL/VIN_VOAXACA_TECNM_MX/DOCUMENTS/CONVENIOS%20PDF%C2%B4S/CONVENIOS%202018/COMISARIADO%20EJIDAL%20DE%20SANTA%20MAR%C3%ADA%20ATZOMPA-ACUERDO%20GENERAL.PDF?CSF=1&WEB=1&E=Q3H08G', '2,3,4,5,6', 3, 78, 1, 20),
(71, 'SIN FOLIO', 'NO', '2018-04-19', '2021-04-19', 'FINALIZADO', 'HTTPS://SNITMX-MY.SHAREPOINT.COM/:B:/R/PERSONAL/VIN_VOAXACA_TECNM_MX/DOCUMENTS/CONVENIOS%20PDF%C2%B4S/CONVENIOS%202018/COMISARIADO%20EJIDAL%20DE%20SANTA%20MAR%C3%ADA%20ATZOMPA-ACUERDO%20RESIDENCIAS%20PROFESIONALES.PDF?CSF=1&WEB=1&E=BJFZYO', '2,3,4,5,6', 1, 78, 1, 20),
(72, 'SIN FOLIO', 'NO', '2018-04-19', '2019-04-19', 'FINALIZADO', 'HTTPS://SNITMX-MY.SHAREPOINT.COM/:B:/R/PERSONAL/VIN_VOAXACA_TECNM_MX/DOCUMENTS/CONVENIOS%20PDF%C2%B4S/CONVENIOS%202018/COMISARIADO%20EJIDAL%20DEL%20NUCLEO%20AGRARIO%20ASUNCI%C3%B3N%20ETLA-ACUERDO%20GENERAL.PDF?CSF=1&WEB=1&E=PMK3CZ', '2,3,4,5,6', 3, 79, 1, 20),
(73, 'SIN FOLIO', 'NO', '2018-04-19', '2020-04-19', 'FINALIZADO', 'HTTPS://SNITMX-MY.SHAREPOINT.COM/:B:/R/PERSONAL/VIN_VOAXACA_TECNM_MX/DOCUMENTS/CONVENIOS%20PDF%C2%B4S/CONVENIOS%202018/COMISARIADO%20EJIDAL%20DEL%20NUCLEO%20AGRARIO%20ASUNCI%C3%B3N%20ETLA-ACUERDO%20RESIDENCIAS%20PROFESIONALES.PDF?CSF=1&WEB=1&E=85F8ZW', '2,3,4,5,6', 1, 79, 1, 20),
(74, 'SIN FOLIO', 'NO', '2018-05-29', '2021-05-29', 'FINALIZADO', 'HTTPS://SNITMX-MY.SHAREPOINT.COM/:B:/R/PERSONAL/VIN_VOAXACA_TECNM_MX/DOCUMENTS/CONVENIOS%20PDF%C2%B4S/CONVENIOS%202018/CISCO%20ACADEMY%20MEMBERSHIP%20AGREEMENT.PDF?CSF=1&WEB=1&E=P0F0CL', '2,6', 3, 80, 1, 6),
(75, 'SIN FOLIO', 'NO', '2018-05-30', '2021-05-30', 'FINALIZADO', 'HTTPS://SNITMX-MY.SHAREPOINT.COM/:B:/R/PERSONAL/VIN_VOAXACA_TECNM_MX/DOCUMENTS/CONVENIOS%20PDF%C2%B4S/CONVENIOS%202018/CENTRO%20DE%20BACHILLERATO%20TECNOL%C3%B3GICO%20INDUSTRIAL%20Y%20DE%20SERVICIOS%20N%C2%B0259-ACUERDO%20GENERAL.PDF?CSF=1&WEB=1&E=IAS98H', '6,2', 3, 48, 1, 20),
(76, 'SIN FOLIO', 'NO', '2018-05-30', '2021-05-30', 'FINALIZADO', 'HTTPS://SNITMX-MY.SHAREPOINT.COM/:B:/R/PERSONAL/VIN_VOAXACA_TECNM_MX/DOCUMENTS/CONVENIOS%20PDF%C2%B4S/CONVENIOS%202018/CENTRO%20DE%20BACHILLERATO%20TECNOL%C3%B3GICO%20INDUSTRIAL%20Y%20DE%20SERVICIOS%20N%C2%B0259-ACUERDO%20SERVICIO%20SOCIAL.PDF?CSF=1&WEB=1&E=QDXOAH', '6,2', 4, 48, 1, 20),
(77, 'SIN FOLIO', 'NO', '2018-05-30', '2021-05-30', 'FINALIZADO', 'HTTPS://SNITMX-MY.SHAREPOINT.COM/:B:/R/PERSONAL/VIN_VOAXACA_TECNM_MX/DOCUMENTS/CONVENIOS%20PDF%C2%B4S/CONVENIOS%202018/CENTRO%20DE%20BACHILLERATO%20TECNOL%C3%B3GICO%20INDUSTRIAL%20Y%20DE%20SERVICIOS%20N%C2%B0259-ACUERDO%20RESIDENCIAS%20PROFESIONALES.PDF?CSF=1&WEB=1&E=1ZS5RZ', '6,2', 1, 48, 1, 20),
(78, 'SIN FOLIO', 'NO', '2018-06-04', '2022-06-04', 'VIGENTE', 'https://snitmx-my.sharepoint.com/:b:/r/personal/vin_voaxaca_tecnm_mx/Documents/CONVENIOS%20PDF%C2%B4S/CONVENIOS%202018/UAM,%20Universidad%20Aut%C3%B3noma%20Metropolitana__Acuerdo%20General.pdf?csf=1&web=1&e=yNzgOr', '2,3,4,5,6', 3, 81, 1, 6),
(79, 'SIN FOLIO', 'NO', '2018-06-13', '2021-06-13', 'FINALIZADO', 'HTTPS://SNITMX-MY.SHAREPOINT.COM/:B:/R/PERSONAL/VIN_VOAXACA_TECNM_MX/DOCUMENTS/CONVENIOS%20PDF%C2%B4S/CONVENIOS%202018/AGENCIA%20MUNICIPAL%20DE%20SAN%20PABLO%20GUIL%C3%A1--ACUERDO%20MARCO.PDF?CSF=1&WEB=1&E=DZATA2', '2,3,4,5,6', 3, 82, 1, 20),
(80, 'SIN FOLIO', 'NO', '2018-06-20', '2018-12-30', 'FINALIZADO', 'HTTPS://SNITMX-MY.SHAREPOINT.COM/:B:/R/PERSONAL/VIN_VOAXACA_TECNM_MX/DOCUMENTS/CONVENIOS%20PDF%C2%B4S/CONVENIOS%202018/CDI%20GUELATAO.PDF?CSF=1&WEB=1&E=LLKZ6B', '2,3,4,5,6', 3, 63, 1, 6),
(81, 'SIN FOLIO', 'NO', '2018-06-20', '2018-12-30', 'FINALIZADO', 'HTTPS://SNITMX-MY.SHAREPOINT.COM/:B:/R/PERSONAL/VIN_VOAXACA_TECNM_MX/DOCUMENTS/CONVENIOS%20PDF%C2%B4S/CONVENIOS%202018/CCDI%20TLACOLULA%20DE%20MATAMOROS%20ACUERDO%20MARCO.PDF?CSF=1&WEB=1&E=VLGCZ9', '2,3,4,5,6', 3, 63, 1, 6),
(82, 'SIN FOLIO', 'NO', '2018-07-30', '2023-07-30', 'VIGENTE', 'HTTPS://SNITMX-MY.SHAREPOINT.COM/:B:/R/PERSONAL/VIN_VOAXACA_TECNM_MX/DOCUMENTS/CONVENIOS%20PDF%C2%B4S/CONVENIOS%202018/CMIC%20ACURDO%20MARCO.PDF?CSF=1&WEB=1&E=WHHWSW', '6,2', 3, 83, 1, 6),
(83, 'SIN FOLIO', 'NO', '2018-07-16', '2021-07-16', 'FINALIZADO', 'HTTPS://SNITMX-MY.SHAREPOINT.COM/:B:/R/PERSONAL/VIN_VOAXACA_TECNM_MX/DOCUMENTS/CONVENIOS%20PDF%C2%B4S/CONVENIOS%202018/COMIT%C3%A9%20OAXAQUE%C3%B1O%20DE%20SANIDAD%20E%20INOCUIDAD%20ACU%C3%ADCOLA%20A.C.-ACUERDO%20RESIDENCIAS%20PROFESIONALES.PDF?CSF=1&WEB=1&E=TL02RY', '5,4,3', 1, 84, 1, 6),
(84, 'SIN FOLIO', 'NO', '2017-07-16', '2021-07-16', 'FINALIZADO', 'HTTPS://SNITMX-MY.SHAREPOINT.COM/:B:/R/PERSONAL/VIN_VOAXACA_TECNM_MX/DOCUMENTS/CONVENIOS%20PDF%C2%B4S/CONVENIOS%202018/COMIT%C3%A9%20OAXAQUE%C3%B1O%20DE%20SANIDAD%20E%20INOCUIDAD%20ACU%C3%ADCOLA%20A.C.-ACUERDO%20GENERAL.PDF?CSF=1&WEB=1&E=XKDVXJ', '4,5,3', 3, 84, 1, 6),
(85, 'SIN FOLIO', 'NO', '2018-08-08', '2021-08-08', 'FINALIZADO', 'HTTPS://SNITMX-MY.SHAREPOINT.COM/:B:/R/PERSONAL/VIN_VOAXACA_TECNM_MX/DOCUMENTS/CONVENIOS%20PDF%C2%B4S/CONVENIOS%202018/H.%20AYUNTAMIENTO%20CONSTITUCIONAL%20DEL%20MUNICIPIO%20DE%20CUIL%C3%A1PAM%20DE%20GUERRERO--ACUERDO%20GENERAL.PDF?CSF=1&WEB=1&E=SSFULX', '2,3,4,5,6', 3, 85, 1, 20),
(86, 'SIN FOLIO', 'NO', '2018-08-08', '2018-12-31', 'FINALIZADO', 'HTTPS://SNITMX-MY.SHAREPOINT.COM/:B:/R/PERSONAL/VIN_VOAXACA_TECNM_MX/DOCUMENTS/CONVENIOS%20PDF%C2%B4S/CONVENIOS%202018/H.%20AYUNTAMIENTO%20CONSTITUCIONAL%20DEL%20MUNICIPIO%20DE%20CUIL%C3%A1PAM%20DE%20GUERRERO--ACUERDO%20RESIDENCIAS%20PROFESIONALES.PDF?CSF=1&WEB=1&E=MZJMVD', '2,3,4,5,6', 1, 85, 1, 20),
(87, 'SIN FOLIO', 'NO', '2018-08-13', '2021-08-13', 'FINALIZADO', 'HTTPS://SNITMX-MY.SHAREPOINT.COM/:B:/R/PERSONAL/VIN_VOAXACA_TECNM_MX/DOCUMENTS/CONVENIOS%20PDF%C2%B4S/CONVENIOS%202018/SEMAEDESO-ACUERDO%20RESIDENCIA%20PROFESIONAL.PDF?CSF=1&WEB=1&E=HSU95Q', '4,5,3', 1, 86, 1, 20),
(88, 'SIN FOLIO', 'NO', '2018-06-01', '2019-12-31', 'FINALIZADO', 'HTTPS://SNITMX-MY.SHAREPOINT.COM/:B:/R/PERSONAL/VIN_VOAXACA_TECNM_MX/DOCUMENTS/CONVENIOS%20PDF%C2%B4S/CONVENIOS%202018/UC%20MEXUS-CONACYT%20ACUERDO%20DE%20FINANCIAMIENTO%20DE%20UN%20PROYECTO.PDF?CSF=1&WEB=1&E=UUGUIG', '6,2,5', 3, 87, 1, 6),
(89, 'SIN FOLIO', 'NO', '2018-08-23', '2021-08-23', 'FINALIZADO', 'HTTPS://SNITMX-MY.SHAREPOINT.COM/:B:/R/PERSONAL/VIN_VOAXACA_TECNM_MX/DOCUMENTS/CONVENIOS%20PDF%C2%B4S/CONVENIOS%202018/EL%20COLEGIO%20DE%20PROFESIONALES%20FORESTALES%20DE%20OAXACA%20A.C-ACUERDO%20GENERAL.PDF?CSF=1&WEB=1&E=8WWGET', '3', 3, 88, 1, 20),
(90, 'SIN FOLIO', 'NO', '2018-08-23', '2018-12-23', 'FINALIZADO', 'HTTPS://SNITMX-MY.SHAREPOINT.COM/:B:/R/PERSONAL/VIN_VOAXACA_TECNM_MX/DOCUMENTS/CONVENIOS%20PDF%C2%B4S/CONVENIOS%202018/EL%20COLEGIO%20DE%20PROFESIONALES%20FORESTALES%20DE%20OAXACA%20A.C-ACUERDO%20RESIDENCIAS%20PROFESIONALES.PDF?CSF=1&WEB=1&E=6J6VQH', '3', 1, 88, 1, 20),
(91, 'SIN FOLIO', 'NO', '2018-08-27', '2021-08-27', 'FINALIZADO', 'HTTPS://SNITMX-MY.SHAREPOINT.COM/:B:/R/PERSONAL/VIN_VOAXACA_TECNM_MX/DOCUMENTS/CONVENIOS%20PDF%C2%B4S/CONVENIOS%202018/UABJO-FACULTAD%20DE%20MEDICINA%20Y%20CIRUGIA-ACUERDO%20DE%20RESIDENCIA%20PROFESIONAL.PDF?CSF=1&WEB=1&E=ORUHOI', '6,2', 1, 89, 1, 20),
(92, 'SIN FOLIO', 'NO', '2018-08-28', '2021-08-27', 'FINALIZADO', 'HTTPS://SNITMX-MY.SHAREPOINT.COM/:B:/R/PERSONAL/VIN_VOAXACA_TECNM_MX/DOCUMENTS/CONVENIOS%20PDF%C2%B4S/CONVENIOS%202018/H.%20AYUNTAMIENTO%20CONSTITUCIONAL%20DEL%20MUNICIPIO%20DE%20SANTO%20DOMINGO%20PETAPA-A.RES.PROFESIONAL.PDF?CSF=1&WEB=1&E=QXXDJG', '2,3,4,5,6', 1, 90, 1, 6),
(93, 'SIN FOLIO', 'NO', '2018-08-28', '2021-08-28', 'FINALIZADO', 'HTTPS://SNITMX-MY.SHAREPOINT.COM/:B:/R/PERSONAL/VIN_VOAXACA_TECNM_MX/DOCUMENTS/CONVENIOS%20PDF%C2%B4S/CONVENIOS%202018/H.%20AYUNTAMIENTO%20CONSTITUCIONAL%20DEL%20MUNICIPIO%20DE%20SANTO%20DOMINGO%20PETAPA--ACUERDO%20MARCO.PDF?CSF=1&WEB=1&E=QFLR20', '2,3,4,5,6', 3, 90, 1, 6),
(94, 'SIN FOLIO', 'NO', '2018-08-29', '2019-08-29', 'FINALIZADO', 'HTTPS://SNITMX-MY.SHAREPOINT.COM/:B:/R/PERSONAL/VIN_VOAXACA_TECNM_MX/DOCUMENTS/CONVENIOS%20PDF%C2%B4S/CONVENIOS%202018/SECRETAR%C3%ADA%20DE%20AGRICULTURA,%20GANADER%C3%ADA,%20DESARROLLO%20RURAL,%20PESCA%20Y%20ALIMENTACI%C3%B3N%20(LA%20SAGARPA)--ACUERDO%20RESIDENCIA%20PROFESIONAL.PDF?CSF=1&WEB=1&E=YLHYVP', '4,3,5', 1, 91, 1, 6),
(95, 'SIN FOLIO', 'SI', '2018-08-29', NULL, 'VIGENTE', 'HTTPS://SNITMX-MY.SHAREPOINT.COM/:B:/R/PERSONAL/VIN_VOAXACA_TECNM_MX/DOCUMENTS/CONVENIOS%20PDF%C2%B4S/CONVENIOS%202018/LA%20DIRECCION%20REGIONAL%20SUR%20DEL%20INSTITUTO%20NACIONAL%20E%20ESTAD%C3%ADSTICA.PDF?CSF=1&WEB=1&E=PJY2LM', '6,2', 1, 92, 1, 20),
(96, 'SIN FOLIO', 'NO', '2018-11-22', '2019-03-30', 'FINALIZADO', 'HTTPS://SNITMX-MY.SHAREPOINT.COM/:B:/R/PERSONAL/VIN_VOAXACA_TECNM_MX/DOCUMENTS/CONVENIOS%20PDF%C2%B4S/CONVENIOS%202018/FIDEICOMISO%20ALIANZA%20PARA%20EL%20CAMPO.PDF?CSF=1&WEB=1&E=4PSFCQ', '3,4', 7, 93, 1, 6),
(97, 'SIN FOLIO', 'NO', '2018-08-31', '2021-08-31', 'FINALIZADO', 'HTTPS://SNITMX-MY.SHAREPOINT.COM/:B:/R/PERSONAL/VIN_VOAXACA_TECNM_MX/DOCUMENTS/CONVENIOS%20PDF%C2%B4S/CONVENIOS%202018/PROPUESTA%20INTEGRAL%20PARA%20LA%20SUSTENTABILIDAD,%20ASOCIACION%20CIVIL%20RESPRO.PDF?CSF=1&WEB=1&E=7YWCRY', '2,3,4,5,6', 1, 94, 1, 20),
(98, 'SIN FOLIO', 'NO', '2018-09-13', '2019-09-13', 'FINALIZADO', 'HTTPS://SNITMX-MY.SHAREPOINT.COM/:B:/R/PERSONAL/VIN_VOAXACA_TECNM_MX/DOCUMENTS/CONVENIOS%20PDF%C2%B4S/CONVENIOS%202018/GENERANDO%20ESFUERZOS%20NECESARIOS%20PARA%20LA%20TRANSFORMACI%C3%B3N%20DEL%20ESTADO%20S.C--ACUERDO%20RESIDENCIAS%20PROFESIONALES.PDF?CSF=1&WEB=1&E=9LJGVG', '6,2', 1, 95, 1, 6),
(99, 'SIN FOLIO', 'NO', '2018-09-13', '2021-09-13', 'FINALIZADO', 'HTTPS://SNITMX-MY.SHAREPOINT.COM/:B:/R/PERSONAL/VIN_VOAXACA_TECNM_MX/DOCUMENTS/CONVENIOS%20PDF%C2%B4S/CONVENIOS%202018/HUMAR,%20SOCIEDAD%20COOPERATIVA%20DE%20APRODUCCI%C3%B3N%20RURAL%20DE%20RESPONSABILIDAD%20LIMITADA%20DE%20CAPITAL%20VARIABLE--ACUERDO%20RESIDENCIAS%20PROFESIONALES.PDF?CSF=1&WEB=1&E=WPDSU6', '3,6,2,4', 1, 96, 1, 20),
(100, 'SIN FOLIO', 'NO', '2018-09-13', '2021-09-13', 'FINALIZADO', 'HTTPS://SNITMX-MY.SHAREPOINT.COM/:B:/R/PERSONAL/VIN_VOAXACA_TECNM_MX/DOCUMENTS/CONVENIOS%20PDF%C2%B4S/CONVENIOS%202018/ESCUELA%20SECUNDARIA%20T%C3%A9CNICA%20N%C2%B0%2066--ACUERDO%20RESIDENCIAS%20PROFESIONALES.PDF?CSF=1&WEB=1&E=4GEOU1', '6,2,5', 1, 97, 1, 20),
(101, 'SIN FOLIO', 'NO', '2018-09-13', '2021-09-13', 'FINALIZADO', 'HTTPS://SNITMX-MY.SHAREPOINT.COM/:B:/R/PERSONAL/VIN_VOAXACA_TECNM_MX/DOCUMENTS/CONVENIOS%20PDF%C2%B4S/CONVENIOS%202018/EMPRESA%20T%C3%A9CNICA%20SILV%C3%ADCOLA%20INTEGRAL%20S.C.--ACUERDO%20GENERAL.PDF?CSF=1&WEB=1&E=ZF8XFG', '4', 3, 98, 1, 20),
(102, 'SIN FOLIO', 'NO', '2018-09-13', '2021-09-13', 'FINALIZADO', 'HTTPS://SNITMX-MY.SHAREPOINT.COM/:B:/R/PERSONAL/VIN_VOAXACA_TECNM_MX/DOCUMENTS/CONVENIOS%20PDF%C2%B4S/CONVENIOS%202018/TECOATL%20ASESOR%C3%ADA%20AMBIENTAL%20Y%20SOLUCIONES%20ALTERNATIVAS%20S.A%20DE%20C.V--ACUERDO%20MARCO.PDF?CSF=1&WEB=1&E=INSHTB', '5', 3, 13, 1, 6),
(103, 'SIN FOLIO', 'NO', '2018-09-13', '2019-03-13', 'FINALIZADO', 'HTTPS://SNITMX-MY.SHAREPOINT.COM/:B:/R/PERSONAL/VIN_VOAXACA_TECNM_MX/DOCUMENTS/CONVENIOS%20PDF%C2%B4S/CONVENIOS%202018/TECOATL%20ASESOR%C3%ADA%20AMBIENTAL%20Y%20SOLUCIONES%20ALTERNATIVAS%20S.A%20DE%20C.V--ACURDO%20RESIDENCIA%20PROFESIONAL.PDF?CSF=1&WEB=1&E=WXCNSM', '5', 1, 13, 1, 6),
(104, 'SIN FOLIO', 'NO', '2018-09-13', '2021-09-13', 'FINALIZADO', 'HTTPS://SNITMX-MY.SHAREPOINT.COM/:B:/R/PERSONAL/VIN_VOAXACA_TECNM_MX/DOCUMENTS/CONVENIOS%20PDF%C2%B4S/CONVENIOS%202018/UNI%C3%B3N%20DE%20CR%C3%A9DITO%20CONCRECES,%20SOCIEDAD%20AN%C3%B3NIMA%20DE%20CAPITAL%20VARIABLE--ACUERDO%20MARCO.PDF?CSF=1&WEB=1&E=SQQEAX', '6,2', 3, 99, 1, 20),
(105, 'SIN FOLIO', 'NO', '2018-09-13', '2021-09-13', 'FINALIZADO', 'HTTPS://SNITMX-MY.SHAREPOINT.COM/:B:/R/PERSONAL/VIN_VOAXACA_TECNM_MX/DOCUMENTS/CONVENIOS%20PDF%C2%B4S/CONVENIOS%202018/UNI%C3%B3N%20DE%20CR%C3%A9DITO%20CONCRECES,%20SOCIEDAD%20AN%C3%B3NIMA%20DE%20CAPITAL%20VARIABLE-ACUERDO%20RESIDENCIA%20PROFESIONAL.PDF?CSF=1&WEB=1&E=0IA80V', '6,2', 1, 99, 1, 20),
(106, 'SIN FOLIO', 'NO', '2018-09-13', '2021-09-13', 'FINALIZADO', 'HTTPS://SNITMX-MY.SHAREPOINT.COM/:B:/R/PERSONAL/VIN_VOAXACA_TECNM_MX/DOCUMENTS/CONVENIOS%20PDF%C2%B4S/CONVENIOS%202018/HYR%20EMPRESARIAL%20Y%20AMBIENTAL%20S.C-ACUERDO%20MARCO.PDF?CSF=1&WEB=1&E=GI5OTN', '5,6,2', 3, 100, 1, 20),
(107, 'SIN FOLIO', 'NO', '2018-09-13', '2021-09-13', 'FINALIZADO', 'HTTPS://SNITMX-MY.SHAREPOINT.COM/:B:/R/PERSONAL/VIN_VOAXACA_TECNM_MX/DOCUMENTS/CONVENIOS%20PDF%C2%B4S/CONVENIOS%202018/HYR%20EMPRESARIAL%20Y%20AMBIENTAL%20S.C-ACUERDO%20RESIDENCIA%20PROFESIONAL.PDF?CSF=1&WEB=1&E=7MLEDA', '6,2,5', 1, 100, 1, 20),
(108, 'SIN FOLIO', 'NO', '2018-09-13', '2018-12-23', 'FINALIZADO', 'HTTPS://SNITMX-MY.SHAREPOINT.COM/:B:/R/PERSONAL/VIN_VOAXACA_TECNM_MX/DOCUMENTS/CONVENIOS%20PDF%C2%B4S/CONVENIOS%202018/CITR%C3%ADCOLA%20COSTA%20CHICA%20S.P.R%20DE%20R.L.--ACUERDO%20RESIDENCIA%20PROFESIONAL.PDF?CSF=1&WEB=1&E=GHW36X', '6,2', 1, 101, 1, 6),
(109, 'SIN FOLIO', 'NO', '2018-09-13', '2021-09-13', 'FINALIZADO', 'HTTPS://SNITMX-MY.SHAREPOINT.COM/:B:/R/PERSONAL/VIN_VOAXACA_TECNM_MX/DOCUMENTS/CONVENIOS%20PDF%C2%B4S/CONVENIOS%202018/CITR%C3%ADCOLA%20COSTA%20CHICA%20S.P.R%20DE%20R.L.--ACUERDO%20MARCO.PDF?CSF=1&WEB=1&E=UASYKV', '6,2', 3, 101, 1, 6),
(110, 'SIN FOLIO', 'NO', '2018-09-17', '2021-09-17', 'FINALIZADO', 'HTTPS://SNITMX-MY.SHAREPOINT.COM/:B:/R/PERSONAL/VIN_VOAXACA_TECNM_MX/DOCUMENTS/CONVENIOS%20PDF%C2%B4S/CONVENIOS%202018/TIERRA%20VIVA%20DE%20OAXACA,%20A.C.--ACUERDO%20RESIDENCIAS%20PROFESIONALES.PDF?CSF=1&WEB=1&E=V7IJ8Z', '3,4', 1, 102, 1, 20),
(111, 'SIN FOLIO', 'NO', '2018-09-17', '2023-09-17', 'VIGENTE', 'HTTPS://SNITMX-MY.SHAREPOINT.COM/:B:/R/PERSONAL/VIN_VOAXACA_TECNM_MX/DOCUMENTS/CONVENIOS%20PDF%C2%B4S/CONVENIOS%202018/SEMARNAT,%20SECRETAR%C3%ADA%20DE%20MEDIO%20AMBIENTE%20Y%20RECURSOS%20NATURALES--ACUERDO%20RESIDENCIAS%20PROFESIONALES.PDF?CSF=1&WEB=1&E=QWPSVE', '3,5', 1, 112, 1, 6),
(112, 'SIN FOLIO', 'NO', '2018-09-28', '2021-09-28', 'FINALIZADO', 'HTTPS://SNITMX-MY.SHAREPOINT.COM/:B:/R/PERSONAL/VIN_VOAXACA_TECNM_MX/DOCUMENTS/CONVENIOS%20PDF%C2%B4S/CONVENIOS%202018/SERVICIOS%20T%C3%A9CNICOS%20FORESTALES--ACUERDO%20GENERAL.PDF?CSF=1&WEB=1&E=PQ8QWQ', '3', 3, 39, 1, 20),
(113, 'SIN FOLIO', 'NO', '2018-10-02', '2021-10-02', 'FINALIZADO', 'HTTPS://SNITMX-MY.SHAREPOINT.COM/:B:/R/PERSONAL/VIN_VOAXACA_TECNM_MX/DOCUMENTS/CONVENIOS%20PDF%C2%B4S/CONVENIOS%202018/JUVENTUD%20SIN%20L%C3%ADMITES,%20COMPARTIENDO%20SUE%C3%B1OS%20PARA%20EL%20PROGRESO%20A.C.--ACUERDO%20GENERAL.PDF?CSF=1&WEB=1&E=VFDYRZ', '6,2', 3, 104, 1, 20),
(114, 'SIN FOLIO', 'NO', '2018-10-06', '2021-10-06', 'FINALIZADO', 'HTTPS://SNITMX-MY.SHAREPOINT.COM/:B:/R/PERSONAL/VIN_VOAXACA_TECNM_MX/DOCUMENTS/CONVENIOS%20PDF%C2%B4S/CONVENIOS%202018/SOLUCIONES%20AGRICOLAS%20CHOMPA%20ACUERDO%20MARCO.PDF?CSF=1&WEB=1&E=0JUFID', '4,3', 3, 105, 1, 20),
(115, 'SIN FOLIO', 'SI', '2018-10-06', NULL, 'VIGENTE', 'HTTPS://SNITMX-MY.SHAREPOINT.COM/:B:/R/PERSONAL/VIN_VOAXACA_TECNM_MX/DOCUMENTS/CONVENIOS%20PDF%C2%B4S/CONVENIOS%202018/SOLUCIONES%20AGRICOLAS%20CHOMPA%20ACUERDO%20RESPROFESIONAL.PDF?CSF=1&WEB=1&E=1GBYTZ', '4,3', 1, 105, 1, 20),
(116, 'SIN FOLIO', 'NO', '2018-10-10', '2021-10-10', 'FINALIZADO', 'HTTPS://SNITMX-MY.SHAREPOINT.COM/:B:/R/PERSONAL/VIN_VOAXACA_TECNM_MX/DOCUMENTS/CONVENIOS%20PDF%C2%B4S/CONVENIOS%202018/AGRO%20ECOL%C3%B3GOS%20UNIDOS%20A.C_ACUERDO%20GENERAL.PDF?CSF=1&WEB=1&E=GC58D2', '4,3', 3, 106, 1, 20),
(117, 'SIN FOLIO', 'NO', '2018-10-10', '2020-10-10', 'FINALIZADO', 'HTTPS://SNITMX-MY.SHAREPOINT.COM/:B:/R/PERSONAL/VIN_VOAXACA_TECNM_MX/DOCUMENTS/CONVENIOS%20PDF%C2%B4S/CONVENIOS%202018/AGRO%20ECOL%C3%B3GOS%20UNIDOS%20A.C-ACUERDO%20RESIDENCIAS%20PROFESIONALES.PDF?CSF=1&WEB=1&E=ESMTOS', '4,3', 1, 106, 1, 20),
(118, 'SIN FOLIO', 'NO', '2018-10-10', '2021-10-10', 'FINALIZADO', 'HTTPS://SNITMX-MY.SHAREPOINT.COM/:B:/R/PERSONAL/VIN_VOAXACA_TECNM_MX/DOCUMENTS/CONVENIOS%20PDF%C2%B4S/CONVENIOS%202018/COMISARIADO%20EJIDAL%20DEL%20NUCLEO%20AGRARIO%20TET%C3%A9LA%20DEL%20VOLC%C3%A1N%20MORELOS--ACUERDO%20MARCO.PDF?CSF=1&WEB=1&E=ZK3TOL', '4,3', 3, 107, 1, 6),
(119, 'SIN FOLIO', 'NO', '2018-10-10', '2019-10-10', 'FINALIZADO', 'HTTPS://SNITMX-MY.SHAREPOINT.COM/:B:/R/PERSONAL/VIN_VOAXACA_TECNM_MX/DOCUMENTS/CONVENIOS%20PDF%C2%B4S/CONVENIOS%202018/COMISARIADO%20EJIDAL%20DEL%20NUCLEO%20AGRARIO%20TET%C3%A9LA%20DEL%20VOLC%C3%A1N%20MORELOS--ACUERDO%20RESIDENCIAS%20PROFESIONALES.PDF?CSF=1&WEB=1&E=Q2FZVJ', '3,4', 1, 107, 1, 6),
(120, 'SIN FOLIO', 'NO', '2018-10-10', '2021-10-10', 'FINALIZADO', 'HTTPS://SNITMX-MY.SHAREPOINT.COM/:B:/R/PERSONAL/VIN_VOAXACA_TECNM_MX/DOCUMENTS/CONVENIOS%20PDF%C2%B4S/CONVENIOS%202018/PRODUCTORES%20AGROPECUARIOS%20DE%20RANCHO%20LLANO%20S.P.R.%20DE%20R.L.--ACUERDO%20MARCO.PDF?CSF=1&WEB=1&E=RTNOYA', '3,4', 3, 108, 1, 20),
(121, 'SIN FOLIO', 'NO', '2018-10-10', '2020-10-10', 'FINALIZADO', 'HTTPS://SNITMX-MY.SHAREPOINT.COM/:B:/R/PERSONAL/VIN_VOAXACA_TECNM_MX/DOCUMENTS/CONVENIOS%20PDF%C2%B4S/CONVENIOS%202018/PRODUCTORES%20AGROPECUARIOS%20DE%20RANCHO%20LLANO%20S.P.R.%20DE%20R.L.--ACUERDO%20RESIDENCIA%20PROFESIONAL.PDF?CSF=1&WEB=1&E=1C5AAR', '4,3', 1, 108, 1, 20),
(122, 'SIN FOLIO', 'NO', '2018-10-11', '2021-10-11', 'FINALIZADO', 'HTTPS://SNITMX-MY.SHAREPOINT.COM/:B:/R/PERSONAL/VIN_VOAXACA_TECNM_MX/DOCUMENTS/CONVENIOS%20PDF%C2%B4S/CONVENIOS%202018/ESTUDIOS%20PROYECTOS%20Y%20SERVICIOS%20SUSTENTABLES%20RINAVI%20S.C.--ACUERDO%20MARCO.PDF?CSF=1&WEB=1&E=KQAKFJ', '2,6,5', 3, 109, 1, 6),
(123, 'SIN FOLIO', 'NO', '2018-10-11', '2019-02-11', 'FINALIZADO', 'HTTPS://SNITMX-MY.SHAREPOINT.COM/:B:/R/PERSONAL/VIN_VOAXACA_TECNM_MX/DOCUMENTS/CONVENIOS%20PDF%C2%B4S/CONVENIOS%202018/ESTUDIOS%20PROYECTOS%20Y%20SERVICIOS%20SUSTENTABLES%20RINAVI%20S.C.--ACUERDO%20RESIDENCIASPROFESIONALES.PDF?CSF=1&WEB=1&E=J6OPN9', '6,2,5', 1, 109, 1, 6),
(124, 'SIN FOLIO', 'NO', '2018-10-15', '2018-12-27', 'FINALIZADO', 'HTTPS://SNITMX-MY.SHAREPOINT.COM/:B:/R/PERSONAL/VIN_VOAXACA_TECNM_MX/DOCUMENTS/CONVENIOS%20PDF%C2%B4S/CONVENIOS%202018/NUCLEO%20RURAL%20LA%20JOYA,%20NUXI%C3%B1O-ACUERDO%20RESIDENCIA%20PROFESIONAL.PDF?CSF=1&WEB=1&E=EUO2UO', '2,3,4,5,6', 1, 110, 1, 6),
(125, 'SIN FOLIO', 'NO', '2018-10-15', '2021-10-15', 'FINALIZADO', 'HTTPS://SNITMX-MY.SHAREPOINT.COM/:B:/R/PERSONAL/VIN_VOAXACA_TECNM_MX/DOCUMENTS/CONVENIOS%20PDF%C2%B4S/CONVENIOS%202018/NUCLEO%20RURAL%20LA%20JOYA,%20NUXI%C3%B1O-ACUERDO%20MARCO.PDF?CSF=1&WEB=1&E=VFIRIJ', '2,3,4,5,6', 3, 110, 1, 6),
(126, 'SIN FOLIO', 'NO', '2018-10-20', '2021-10-20', 'FINALIZADO', 'HTTPS://SNITMX-MY.SHAREPOINT.COM/:B:/R/PERSONAL/VIN_VOAXACA_TECNM_MX/DOCUMENTS/CONVENIOS%20PDF%C2%B4S/CONVENIOS%202018/AGENCIA%20DE%20POLICIA%20DE%20MONTE%20FRIO,%20SAN%20JUAN%20TAMAZOLA,%20NOCHIXTLAN,ACUERDO%20MARCO.PDF?CSF=1&WEB=1&E=HAW7UJ', '6,2', 3, 111, 1, 6),
(127, 'SIN FOLIO', 'NO', '2018-10-20', '2018-12-31', 'FINALIZADO', 'HTTPS://SNITMX-MY.SHAREPOINT.COM/:B:/R/PERSONAL/VIN_VOAXACA_TECNM_MX/DOCUMENTS/CONVENIOS%20PDF%C2%B4S/CONVENIOS%202018/AGENCIA%20DE%20POLICIA%20DE%20MONTE%20FRIO,%20SAN%20JUAN%20TAMAZOLA,%20ACURDO.RES.PRO.PDF?CSF=1&WEB=1&E=COZLNL', '6,2', 1, 111, 1, 6),
(128, 'SIN FOLIO', 'NO', '2018-10-26', '2021-10-26', 'FINALIZADO', 'HTTPS://SNITMX-MY.SHAREPOINT.COM/:B:/R/PERSONAL/VIN_VOAXACA_TECNM_MX/DOCUMENTS/CONVENIOS%20PDF%C2%B4S/CONVENIOS%202018/SEMARNAT,%20SECRETAR%C3%ADA%20DE%20MEDIO%20AMBIENTE%20Y%20RECURSOS%20NATURALES--ACUERDO%20GENERAL.PDF?CSF=1&WEB=1&E=HMZDUO', '5,3', 3, 112, 1, 6),
(129, 'SIN FOLIO', 'NO', '2018-10-26', '2021-10-26', 'FINALIZADO', 'HTTPS://SNITMX-MY.SHAREPOINT.COM/:B:/R/PERSONAL/VIN_VOAXACA_TECNM_MX/DOCUMENTS/CONVENIOS%20PDF%C2%B4S/CONVENIOS%202018/PROYECTOS%20PARA%20UN%20FUTURO%20MEJOR%20A.%20C.--ACUERDO%20MARCO.PDF?CSF=1&WEB=1&E=ROWIKQ', '6,2', 3, 113, 1, 20),
(130, 'SIN FOLIO', 'NO', '2018-10-26', '2019-10-26', 'FINALIZADO', 'HTTPS://SNITMX-MY.SHAREPOINT.COM/:B:/R/PERSONAL/VIN_VOAXACA_TECNM_MX/DOCUMENTS/CONVENIOS%20PDF%C2%B4S/CONVENIOS%202018/PROYECTOS%20PARA%20UN%20FUTURO%20MEJOR%20A.%20C.--ACUERDO%20RESIDENCIAS%20PROFESIONALES.PDF?CSF=1&WEB=1&E=ORGM0V', '6,2', 1, 113, 1, 20),
(131, 'SIN FOLIO', 'NO', '2018-10-30', '2021-10-30', 'FINALIZADO', 'HTTPS://SNITMX-MY.SHAREPOINT.COM/:B:/R/PERSONAL/VIN_VOAXACA_TECNM_MX/DOCUMENTS/CONVENIOS%20PDF%C2%B4S/CONVENIOS%202018/ESIMAVISI%20S.A.%20DE%20C.V.%20(ECOLOG%C3%ADA%20SIVICULTURA%20Y%20MANEJO%20DE%20LA%20VIDA%20SILVESTRE)%20ACUEDO%20MARCO.PDF?CSF=1&WEB=1&E=7KNRXM', '4,3', 3, 114, 1, 20),
(132, 'SIN FOLIO', 'NO', '2018-10-30', '2021-10-30', 'FINALIZADO', 'HTTPS://SNITMX-MY.SHAREPOINT.COM/:B:/R/PERSONAL/VIN_VOAXACA_TECNM_MX/DOCUMENTS/CONVENIOS%20PDF%C2%B4S/CONVENIOS%202018/ESIMAVISI%20S.A.%20DE%20C.V.%20(ECOLOG%C3%ADA%20SIVICULTURA%20Y%20MANEJO%20DE%20LA%20VIDA%20SILVESTRE)%20ACUEDO%20RESIDENCIA%20PROFESIONAL.PDF?CSF=1&WEB=1&E=V5BORV', '3,4', 1, 114, 1, 20),
(133, 'SIN FOLIO', 'SI', '2018-11-05', NULL, 'VIGENTE', 'HTTPS://SNITMX-MY.SHAREPOINT.COM/:B:/R/PERSONAL/VIN_VOAXACA_TECNM_MX/DOCUMENTS/CONVENIOS%20PDF%C2%B4S/CONVENIOS%202018/UNIVERSIDAD%20DEL%20MAR-ACUERDO%20MARCO.PDF?CSF=1&WEB=1&E=NORXDY', '2,3,4,5,6', 3, 115, 1, 20),
(134, 'SIN FOLIO', 'SI', '2018-11-05', NULL, 'VIGENTE', 'HTTPS://SNITMX-MY.SHAREPOINT.COM/:B:/R/PERSONAL/VIN_VOAXACA_TECNM_MX/DOCUMENTS/CONVENIOS%20PDF%C2%B4S/CONVENIOS%202018/UNIVERSIDAD%20DEL%20MAR-ACUERDO%20RESIDENCIA%20PROFESIONAL.PDF?CSF=1&WEB=1&E=PRZFTP', '2,3,4,5,6', 1, 115, 1, 20),
(135, 'SIN FOLIO', 'NO', '2018-11-06', '2021-11-06', 'FINALIZADO', 'HTTPS://SNITMX-MY.SHAREPOINT.COM/:B:/R/PERSONAL/VIN_VOAXACA_TECNM_MX/DOCUMENTS/CONVENIOS%20PDF%C2%B4S/CONVENIOS%202018/PROPUESTA%20INTEGRAL%20PARA%20LA%20SUSTENTABILIDAD,%20ASOCIACION%20CIVIL%20ACUERDO%20MARCO.PDF?CSF=1&WEB=1&E=8IAXT5', '2,3,4,5,6', 3, 94, 1, 20),
(136, 'SIN FOLIO', 'NO', '2018-08-31', '2021-08-31', 'FINALIZADO', 'HTTPS://SNITMX-MY.SHAREPOINT.COM/:B:/R/PERSONAL/VIN_VOAXACA_TECNM_MX/DOCUMENTS/CONVENIOS%20PDF%C2%B4S/CONVENIOS%202018/PROPUESTA%20INTEGRAL%20PARA%20LA%20SUSTENTABILIDAD,%20ASOCIACION%20CIVIL%20RESPRO.PDF?CSF=1&WEB=1&E=QOUSIP', '2,3,4,5,6', 1, 94, 1, 20),
(137, 'SIN FOLIO', 'NO', '2018-11-07', '2019-11-07', 'FINALIZADO', 'HTTPS://SNITMX-MY.SHAREPOINT.COM/:B:/R/PERSONAL/VIN_VOAXACA_TECNM_MX/DOCUMENTS/CONVENIOS%20PDF%C2%B4S/CONVENIOS%202018/ING.%20VICENTE%20RUIZ%20ALONSO,%20BIOEKOS--ACUERDO%20MARCO.PDF?CSF=1&WEB=1&E=DL73OK', '5', 3, 116, 1, 6),
(138, 'SIN FOLIO', 'NO', '2018-11-07', '2019-11-07', 'FINALIZADO', 'HTTPS://SNITMX-MY.SHAREPOINT.COM/:B:/R/PERSONAL/VIN_VOAXACA_TECNM_MX/DOCUMENTS/CONVENIOS%20PDF%C2%B4S/CONVENIOS%202018/ING.%20VICENTE%20RUIZ%20ALONSO,%20BIOEKOS--ACUERDO%20RESIDENCIA%20PROFESIONAL.PDF?CSF=1&WEB=1&E=LF3ZWX', '5', 1, 116, 1, 6),
(139, 'SIN FOLIO', 'NO', '2018-11-08', '2021-11-08', 'FINALIZADO', 'https://snitmx-my.sharepoint.com/:b:/r/personal/vin_voaxaca_tecnm_mx/Documents/CONVENIOS%20PDF%C2%B4S/CONVENIOS%202018/HORTINVEST%20MEXICO%20SA%20DE%20CV--Acuerdo%20Residencia%20Profesional.pdf?csf=1&web=1&e=LcZIkL', '4,3', 1, 117, 1, 20),
(140, 'SIN FOLIO', 'NO', '2018-11-09', '2023-11-09', 'VIGENTE', 'HTTPS://SNITMX-MY.SHAREPOINT.COM/:B:/R/PERSONAL/VIN_VOAXACA_TECNM_MX/DOCUMENTS/CONVENIOS%20PDF%C2%B4S/CONVENIOS%202018/H.%20AYUNTAMIENTO%20CONSTITUCIONAL%20DE%20SAN%20MIGUEL%20YOTAO%20ACUERDO%20MARCO.PDF?CSF=1&WEB=1&E=MTH0RH', '2,3,4,5,6', 3, 118, 1, 20),
(141, 'SIN FOLIO', 'NO', '2018-11-09', '2023-11-09', 'VIGENTE', 'HTTPS://SNITMX-MY.SHAREPOINT.COM/:B:/R/PERSONAL/VIN_VOAXACA_TECNM_MX/DOCUMENTS/CONVENIOS%20PDF%C2%B4S/CONVENIOS%202018/H.%20AYUNTAMIENTO%20CONSTITUCIONAL%20DE%20SAN%20MIGUEL%20YOTAO-ACUERDO%20RESPROF.PDF?CSF=1&WEB=1&E=LRDP6W', '2,3,4,5,6', 1, 118, 1, 20),
(142, 'SIN FOLIO', 'NO', '2018-11-15', '2021-11-15', 'FINALIZADO', 'HTTPS://SNITMX-MY.SHAREPOINT.COM/:B:/R/PERSONAL/VIN_VOAXACA_TECNM_MX/DOCUMENTS/CONVENIOS%20PDF%C2%B4S/CONVENIOS%202018/UNIVERSIDAD%20AUT%C3%B2NOMA%20DE%20QUERETARO%20ACUERDO%20RESIDENCIA%20PROFESIONAL.PDF?CSF=1&WEB=1&E=PTZ6XN', '6,2', 1, 119, 1, 6),
(143, 'SIN FOLIO', 'NO', '2018-11-15', '2023-11-15', 'VIGENTE', 'HTTPS://SNITMX-MY.SHAREPOINT.COM/:B:/R/PERSONAL/VIN_VOAXACA_TECNM_MX/DOCUMENTS/CONVENIOS%20PDF%C2%B4S/CONVENIOS%202018/UNIVERSIDAD%20AUT%C3%B2NOMA%20DE%20QUERETARO-ACUERDO%20MARCO.PDF?CSF=1&WEB=1&E=XHD3HP', '6,2', 3, 119, 1, 6),
(144, 'SIN FOLIO', 'SI', '2018-11-19', NULL, 'VIGENTE', 'HTTPS://SNITMX-MY.SHAREPOINT.COM/:B:/R/PERSONAL/VIN_VOAXACA_TECNM_MX/DOCUMENTS/CONVENIOS%20PDF%C2%B4S/CONVENIOS%202018/SECRETARIA%20MUNICIPAL%20DE%20DESARROLLO%20SUSTENTABLE-RESIDENCIA.PDF?CSF=1&WEB=1&E=ARFRDW', '4,3,5', 1, 120, 1, 6),
(145, 'SIN FOLIO', 'NO', '2018-11-20', '2021-11-20', 'FINALIZADO', 'HTTPS://SNITMX-MY.SHAREPOINT.COM/:B:/R/PERSONAL/VIN_VOAXACA_TECNM_MX/DOCUMENTS/CONVENIOS%20PDF%C2%B4S/CONVENIOS%202018/SECRETARIA%20MUNICIPAL%20DE%20DESARROLLO%20SUSTENTABLE.PDF?CSF=1&WEB=1&E=AMCCMH', '3,5,4', 3, 120, 1, 6),
(146, 'SIN FOLIO', 'NO', '2018-12-03', '2021-12-03', 'FINALIZADO', 'HTTPS://SNITMX-MY.SHAREPOINT.COM/:B:/R/PERSONAL/VIN_VOAXACA_TECNM_MX/DOCUMENTS/CONVENIOS%20PDF%C2%B4S/CONVENIOS%202018/SERVICIOS%20ESPECIALIZADOS%20SHLIP,%20SOCIEDAD%20CIVIL-ACUERDO%20MARCO.PDF?CSF=1&WEB=1&E=JHSAE9', '6,2', 3, 121, 1, 6),
(147, 'SIN FOLIO', 'NO', '2018-12-03', '2019-04-03', 'FINALIZADO', 'HTTPS://SNITMX-MY.SHAREPOINT.COM/:B:/R/PERSONAL/VIN_VOAXACA_TECNM_MX/DOCUMENTS/CONVENIOS%20PDF%C2%B4S/CONVENIOS%202018/SERVICIOS%20ESPECIALIZADOS%20SHLIP,%20SOCIEDAD%20CIVIL-ACUERDO%20RESIDENCIAS%20PROFESIONALES.PDF?CSF=1&WEB=1&E=MN3REB', '2,6', 1, 121, 1, 6),
(148, 'SIN FOLIO', 'SI', '2018-11-23', NULL, 'VIGENTE', 'HTTPS://SNITMX-MY.SHAREPOINT.COM/:B:/R/PERSONAL/VIN_VOAXACA_TECNM_MX/DOCUMENTS/CONVENIOS%20PDF%C2%B4S/CONVENIOS%202018/UABC.PDF?CSF=1&WEB=1&E=6YRIDF', '2,3,4,5,6', 1, 122, 1, 6),
(149, 'SIN FOLIO', 'NO', '2018-12-06', '2021-12-06', 'FINALIZADO', 'HTTPS://SNITMX-MY.SHAREPOINT.COM/:B:/R/PERSONAL/VIN_VOAXACA_TECNM_MX/DOCUMENTS/CONVENIOS%20PDF%C2%B4S/CONVENIOS%202018/CENTRO%20DE%20INVESTIGACION%20EN%20ALIMENTACION%20Y%20DESARROLLO%20A.C.PDF?CSF=1&WEB=1&E=RCQLJV', '5,4,3', 3, 123, 1, 6),
(150, 'SIN FOLIO', 'NO', '2018-12-10', '2021-12-10', 'FINALIZADO', 'HTTPS://SNITMX-MY.SHAREPOINT.COM/:B:/R/PERSONAL/VIN_VOAXACA_TECNM_MX/DOCUMENTS/CONVENIOS%20PDF%C2%B4S/CONVENIOS%202018/AGENCIA%20MUNICIPAL%20DE%20SAN%20JOSE%20DEL%20PACIFICO,%20SAN%20MATEO%20RIO%20HONDO,%20A.MARCO.PDF?CSF=1&WEB=1&E=UNTRX5', '2,3,4,5,6', 3, 124, 1, 20),
(151, 'SIN FOLIO', 'NO', '2018-12-10', '2019-12-10', 'FINALIZADO', 'HTTPS://SNITMX-MY.SHAREPOINT.COM/:B:/R/PERSONAL/VIN_VOAXACA_TECNM_MX/DOCUMENTS/CONVENIOS%20PDF%C2%B4S/CONVENIOS%202018/AGENCIA%20MUNICIPAL%20DE%20SAN%20JOSE%20DEL%20PACIFICO,%20SAN%20MATEO%20RIO%20HONDO%20A.RES.PROFESIONAL.PDF?CSF=1&WEB=1&E=PFHYIL', '2,3,4,5,6', 1, 124, 1, 20),
(152, 'SIN FOLIO', 'NO', '2018-12-12', '2021-12-12', 'FINALIZADO', 'HTTPS://SNITMX-MY.SHAREPOINT.COM/:B:/R/PERSONAL/VIN_VOAXACA_TECNM_MX/DOCUMENTS/CONVENIOS%20PDF%C2%B4S/CONVENIOS%202018/H,%20AYUNTAMIENTO%20CONSTITUCIONAL%20DE%20SANTA%20MARIA%20PE%C3%B1OLES.ACUERDO.MARCO.PDF?CSF=1&WEB=1&E=YLMQRJ', '2,3,4,5,6', 3, 125, 1, 20),
(153, 'SIN FOLIO', 'NO', '2018-12-12', '2021-12-12', 'FINALIZADO', 'HTTPS://SNITMX-MY.SHAREPOINT.COM/:B:/R/PERSONAL/VIN_VOAXACA_TECNM_MX/DOCUMENTS/CONVENIOS%20PDF%C2%B4S/CONVENIOS%202018/H,%20AYUNTAMIENTO%20CONSTITUCIONAL%20DE%20SANTA%20MARIA%20PE%C3%B1OLES-ACUERDO.RES.PDF?CSF=1&WEB=1&E=XNS3YY', '2,3,4,5,6', 1, 125, 1, 20),
(154, 'SIN FOLIO', 'NO', '2018-12-14', '2021-12-14', 'VIGENTE', 'HTTPS://SNITMX-MY.SHAREPOINT.COM/:B:/R/PERSONAL/VIN_VOAXACA_TECNM_MX/DOCUMENTS/CONVENIOS%20PDF%C2%B4S/CONVENIOS%202018/CENTRO%20DE%20INNOVACION%20Y%20DESARROLLO%20EMPRENDEDOR%20HUAXYACAC%20A.C.%20ACUERDO%20RESIDENCIA%20PROFESIONAL.PDF?CSF=1&WEB=1&E=WAQC1W', '2,3,4,5,6', 1, 126, 1, 20),
(155, 'SIN FOLIO', 'NO', '2018-12-14', '2021-12-14', 'VIGENTE', 'HTTPS://SNITMX-MY.SHAREPOINT.COM/:B:/R/PERSONAL/VIN_VOAXACA_TECNM_MX/DOCUMENTS/CONVENIOS%20PDF%C2%B4S/CONVENIOS%202018/CENTRO%20DE%20INNOVACION%20Y%20DESARROLLO%20EMPRENDEDOR%20HUAXYACAC%20A.C.%20ACUERDO%20MARCO.PDF?CSF=1&WEB=1&E=O6KGEE', '2,3,4,5,6', 3, 126, 1, 20),
(156, 'SIN FOLIO', 'NO', '2018-12-14', '2021-12-14', 'VIGENTE', 'HTTPS://SNITMX-MY.SHAREPOINT.COM/:B:/R/PERSONAL/VIN_VOAXACA_TECNM_MX/DOCUMENTS/CONVENIOS%20PDF%C2%B4S/CONVENIOS%202018/MUNICIPIO%20DE%20SANTA%20MARIA%20HUATULCO,%20POCHUTLA,%20OAXACA-ACUERDO%20MARCO.PDF?CSF=1&WEB=1&E=9OZXDS', '2,3,4,5,6', 3, 127, 1, 6),
(157, 'SIN FOLIO', 'NO', '2018-12-14', '2018-12-23', 'FINALIZADO', 'HTTPS://SNITMX-MY.SHAREPOINT.COM/:B:/R/PERSONAL/VIN_VOAXACA_TECNM_MX/DOCUMENTS/CONVENIOS%20PDF%C2%B4S/CONVENIOS%202018/MUNICIPIO%20DE%20SANTA%20MARIA%20HUATULCO,%20POCHUTLA,%20OAXACA-ACUERDO%20RESIDENCIAS%20PROFESIONALES.PDF?CSF=1&WEB=1&E=ZKS4NC', '2,3,4,5,6', 1, 127, 1, 6),
(158, 'SIN FOLIO', 'NO', '2018-12-18', '2021-12-18', 'VIGENTE', 'HTTPS://SNITMX-MY.SHAREPOINT.COM/:B:/R/PERSONAL/VIN_VOAXACA_TECNM_MX/DOCUMENTS/CONVENIOS%20PDF%C2%B4S/CONVENIOS%202018/UNIVERSIDAD%20DEL%20MEDIO%20AMBIENTE%20Y%20CIENCIAS%20APLICADAS%20-ACUERDO%20MARCO.PDF?CSF=1&WEB=1&E=ZCD74S', '5,3,4', 3, 128, 1, 20),
(159, 'SIN FOLIO', 'NO', '2018-12-18', '2021-12-18', 'VIGENTE', 'HTTPS://SNITMX-MY.SHAREPOINT.COM/:B:/R/PERSONAL/VIN_VOAXACA_TECNM_MX/DOCUMENTS/CONVENIOS%20PDF%C2%B4S/CONVENIOS%202018/UNIVERSIDAD%20DEL%20MEDIO%20AMBIENTE%20Y%20CIENCIAS%20APLICADAS%20-ACUERDO%20RESIDENCIA%20PROFESIONALES.PDF?CSF=1&WEB=1&E=3DUKF2', '3,4,5', 1, 128, 1, 20),
(160, 'SIN FOLIO', 'NO', '2018-12-05', '2021-12-05', 'FINALIZADO', 'HTTPS://SNITMX-MY.SHAREPOINT.COM/:B:/R/PERSONAL/VIN_VOAXACA_TECNM_MX/DOCUMENTS/CONVENIOS%20PDF%C2%B4S/CONVENIOS%202018/MICHAEL%20MESINAS-%20CM.PDF?CSF=1&WEB=1&E=MW1BHW', '2,3,4,5,6', 3, 140, 1, 20),
(161, 'SIN FOLIO', 'NO', '2019-01-07', '2022-01-07', 'VIGENTE', 'HTTPS://SNITMX-MY.SHAREPOINT.COM/:B:/R/PERSONAL/VIN_VOAXACA_TECNM_MX/DOCUMENTS/CONVENIOS%20PDF%C2%B4S/CONVENIOS%202019/BIENES%20COMUNALES%20DE%20SANTIAGO%20TEXTITLAN,%20SOLA%20DE%20VEGA,%20OAXACA.PDF?CSF=1&WEB=1&E=AGFZX1', '4', 1, 129, 1, 20),
(162, 'SIN FOLIO', 'NO', '2019-01-07', '2022-01-07', 'VIGENTE', 'HTTPS://SNITMX-MY.SHAREPOINT.COM/:B:/R/PERSONAL/VIN_VOAXACA_TECNM_MX/DOCUMENTS/CONVENIOS%20PDF%C2%B4S/CONVENIOS%202019/BIENES%20COMUNALES%20DE%20SANTIAGO%20TEXTITLAN,%20SOLA%20DE%20VEGA,%20OAXACA%20CONVENIO%20GENERAL.PDF?CSF=1&WEB=1&E=9MYZC2', '4', 3, 129, 1, 20),
(163, 'SIN FOLIO', 'NO', '2019-01-11', '2022-01-11', 'VIGENTE', 'HTTPS://SNITMX-MY.SHAREPOINT.COM/:B:/R/PERSONAL/VIN_VOAXACA_TECNM_MX/DOCUMENTS/CONVENIOS%20PDF%C2%B4S/CONVENIOS%202019/LA%20SOCIEDAD%20PARA%20EL%20ESUDIO%20DE%20LOS%20RECURSOS%20BIOTICOS%20DE%20OAXACA,%20ASOCIACION%20CIVIL%20CONVENIO%20RES-PROFESIONAL.PDF?CSF=1&WEB=1&E=FABQOA', '5', 1, 130, 1, 20),
(164, 'SIN FOLIO', 'NO', '2019-01-11', '2022-01-11', 'VIGENTE', 'HTTPS://SNITMX-MY.SHAREPOINT.COM/:B:/R/PERSONAL/VIN_VOAXACA_TECNM_MX/DOCUMENTS/CONVENIOS%20PDF%C2%B4S/CONVENIOS%202019/LA%20SOCIEDAD%20PARA%20EL%20ESUDIO%20DE%20LOS%20RECURSOS%20BIOTICOS%20DE%20OAXACA,%20ASOCIACION%20CIVIL%20CONVENIO%20GENERAL.PDF?CSF=1&WEB=1&E=Q7KQTX', '5', 3, 130, 1, 20),
(165, 'SIN FOLIO', 'NO', '2019-01-20', '2022-01-20', 'VIGENTE', 'HTTPS://SNITMX-MY.SHAREPOINT.COM/:B:/R/PERSONAL/VIN_VOAXACA_TECNM_MX/DOCUMENTS/CONVENIOS%20PDF%C2%B4S/CONVENIOS%202019/MUNICIPIO%20DE%20VILLA%20DE%20TUTUTEPEC,%20JUQUILA,%20OAXACA.PDF?CSF=1&WEB=1&E=GOVAQH', '2,3,4,5,6', 1, 131, 1, 6),
(166, 'SIN FOLIO', 'NO', '2019-02-05', '2022-02-05', 'VIGENTE', 'HTTPS://SNITMX-MY.SHAREPOINT.COM/:B:/R/PERSONAL/VIN_VOAXACA_TECNM_MX/DOCUMENTS/CONVENIOS%20PDF%C2%B4S/CONVENIOS%202019/CIATEJ.PDF?CSF=1&WEB=1&E=AXULTA', '4,5', 1, 132, 1, 6),
(167, 'SIN FOLIO', 'SI', '2019-02-07', NULL, 'VIGENTE', 'https://snitmx-my.sharepoint.com/:b:/r/personal/vin_voaxaca_tecnm_mx/Documents/CONVENIOS%20PDF%C2%B4S/CONVENIOS%202019/PUNTO%20MEXICO%20CONECTADO.PDF?csf=1&web=1&e=X9k7Bx', '2,3,4,5,6', 3, 72, 1, 20),
(168, 'SIN FOLIO', 'NO', '2019-02-20', '2022-02-20', 'VIGENTE', 'https://snitmx-my.sharepoint.com/:b:/r/personal/vin_voaxaca_tecnm_mx/Documents/CONVENIOS%20PDF%C2%B4S/CONVENIOS%202019/H,AYUNTAMIENTO%20CONSTITUCIONAL%20DE%20SAN%20PABLO%20HITZO,%20ETLA,OAXACA.PDF?csf=1&web=1&e=JDV6V7', '4', 1, 133, 1, 20),
(169, 'SIN FOLIO', 'NO', '2019-03-02', '2019-12-31', 'FINALIZADO', 'https://snitmx-my.sharepoint.com/:b:/r/personal/vin_voaxaca_tecnm_mx/Documents/CONVENIOS%20PDF%C2%B4S/CONVENIOS%202019/INVERSORA%20HOTELERA%20DEL%20CARIBE%20CONVENIO%20GENERAL.pdf?csf=1&web=1&e=AzyRXJ', '2,3,4,5,6', 3, 134, 1, 6),
(170, 'SIN FOLIO', 'SI', '2019-03-11', NULL, 'VIGENTE', 'HTTPS://SNITMX-MY.SHAREPOINT.COM/:B:/R/PERSONAL/VIN_VOAXACA_TECNM_MX/DOCUMENTS/CONVENIOS%20PDF%C2%B4S/CONVENIOS%202019/GOBIERNO%20DE%20LA%20CIUDAD%20DE%20MEXICO%20CONVENIO%20GENERAL.PDF?CSF=1&WEB=1&E=2KGCHC', '2,3,4,5,6', 3, 135, 1, 6),
(171, 'SIN FOLIO', 'NO', '2019-03-12', '2022-03-12', 'VIGENTE', 'HTTPS://SNITMX-MY.SHAREPOINT.COM/:B:/R/PERSONAL/VIN_VOAXACA_TECNM_MX/DOCUMENTS/CONVENIOS%20PDF%C2%B4S/CONVENIOS%202019/LA%20VOZ%20DE%20LA%20MONTA%C3%91A%20ANCESTRAL%20A.C.PDF?CSF=1&WEB=1&E=MNNRHV', '3,4', 3, 136, 1, 20),
(172, 'SIN FOLIO', 'NO', '2019-03-14', '2022-03-14', 'VIGENTE', 'HTTPS://SNITMX-MY.SHAREPOINT.COM/:B:/R/PERSONAL/VIN_VOAXACA_TECNM_MX/DOCUMENTS/CONVENIOS%20PDF%C2%B4S/CONVENIOS%202019/AGENCIA%20DE%20POLICIA%20MUNICIPAL%20DE%20JESUS%20NAZARENO,%20XOXOCOTLAN,%20OAXACA%20CONVENIO%20GENERAL.PDF?CSF=1&WEB=1&E=Y9AAFU', '2,3,4,5,6', 4, 137, 1, 20),
(173, 'SIN FOLIO', 'NO', '2019-03-14', '2022-03-14', 'VIGENTE', 'HTTPS://SNITMX-MY.SHAREPOINT.COM/:B:/R/PERSONAL/VIN_VOAXACA_TECNM_MX/DOCUMENTS/CONVENIOS%20PDF%C2%B4S/CONVENIOS%202019/AGENCIA%20DE%20JESUS%20NAZARENO,%20XOXOCOTLAN,%20OAXACA%20CONVENIO%20RESIDENCIA%20PROFESIONAL.PDF?CSF=1&WEB=1&E=HYUP5F', '2,3,4,5,6', 1, 137, 1, 20),
(174, 'SIN FOLIO', 'NO', '2019-03-14', '2022-03-14', 'VIGENTE', 'HTTPS://SNITMX-MY.SHAREPOINT.COM/:B:/R/PERSONAL/VIN_VOAXACA_TECNM_MX/DOCUMENTS/CONVENIOS%20PDF%C2%B4S/CONVENIOS%202019/AGENCIA%20DE%20POLICIA%20MUNICIPAL%20DE%20JESUS%20NAZARENO,%20XOXOCOTLAN,%20OAXACA%20CONVENIO%20MARCO.PDF?CSF=1&WEB=1&E=YS1DCB', '2,3,4,5,6', 3, 137, 1, 20),
(175, 'SIN FOLIO', 'SI', '2019-03-19', NULL, 'VIGENTE', 'HTTPS://SNITMX-MY.SHAREPOINT.COM/:B:/R/PERSONAL/VIN_VOAXACA_TECNM_MX/DOCUMENTS/CONVENIOS%20PDF%C2%B4S/CONVENIOS%202019/TALENT%20NETWORK%20MX,%20S.A.P.%20DE%20C.%20V..PDF?CSF=1&WEB=1&E=DGS2HT', '2,6', 3, 138, 1, 6),
(176, 'SIN FOLIO', 'NO', '2019-03-21', '2022-03-21', 'VIGENTE', 'HTTPS://SNITMX-MY.SHAREPOINT.COM/:B:/R/PERSONAL/VIN_VOAXACA_TECNM_MX/DOCUMENTS/CONVENIOS%20PDF%C2%B4S/CONVENIOS%202019/SERVICIOS%20INTERSEC%20S.A.%20DE%20C.V%20CONVENIO%20RESIDENCIA%20PROFESIONAL.PDF?CSF=1&WEB=1&E=HUJRMT', '2,3,4,5,6', 1, 139, 1, 6),
(177, 'SIN FOLIO', 'NO', '2019-03-21', '2022-03-21', 'VIGENTE', 'HTTPS://SNITMX-MY.SHAREPOINT.COM/:B:/R/PERSONAL/VIN_VOAXACA_TECNM_MX/DOCUMENTS/CONVENIOS%20PDF%C2%B4S/CONVENIOS%202019/SERVICIOS%20INTERSEC%20S.A.%20DE%20C.V%20CONVENIO%20MARCO.PDF?CSF=1&WEB=1&E=MZIQL3', '2,3,4,5,6', 3, 139, 1, 6),
(178, 'SIN FOLIO', 'NO', '2019-03-27', '2019-12-31', 'FINALIZADO', 'HTTPS://SNITMX-MY.SHAREPOINT.COM/:B:/R/PERSONAL/VIN_VOAXACA_TECNM_MX/DOCUMENTS/CONVENIOS%20PDF%C2%B4S/CONVENIOS%202019/EL%20MUNICIPIO.PDF?CSF=1&WEB=1&E=TIZKDQ', '4', 3, 52, 1, 20),
(179, 'SIN FOLIO', 'NO', '2019-04-01', '2022-04-01', 'VIGENTE', 'HTTPS://SNITMX-MY.SHAREPOINT.COM/:B:/R/PERSONAL/VIN_VOAXACA_TECNM_MX/DOCUMENTS/CONVENIOS%20PDF%C2%B4S/CONVENIOS%202019/AGENCIA%20MUNICIPIO%20DE%20SAN%20JOSE%20DEL%20PROGRESO,OCOTLAN%20DE%20MORELOS,%20OAX%20.RESIDENCIA%20PROFESIONAL.PDF?CSF=1&WEB=1&E=PRGMPB', '4', 1, 141, 1, 20),
(180, 'SIN FOLIO', 'NO', '2019-04-01', '2022-04-01', 'VIGENTE', 'HTTPS://SNITMX-MY.SHAREPOINT.COM/:B:/R/PERSONAL/VIN_VOAXACA_TECNM_MX/DOCUMENTS/CONVENIOS%20PDF%C2%B4S/CONVENIOS%202019/AGENCIA%20MUNICIPIO%20DE%20SAN%20JOSE%20DEL%20PROGRESO,OCOTLAN%20DE%20MORELOS,%20OAX%20CONVENIO%20MARCO.PDF?CSF=1&WEB=1&E=NHPQ7E', '4', 3, 141, 1, 20),
(181, 'SIN FOLIO', 'NO', '2019-04-01', '2022-04-01', 'VIGENTE', 'HTTPS://SNITMX-MY.SHAREPOINT.COM/:B:/R/PERSONAL/VIN_VOAXACA_TECNM_MX/DOCUMENTS/CONVENIOS%20PDF%C2%B4S/CONVENIOS%202019/AGENDA%20MUNICIPIO%20DE%20SAN%20JOSE%20DEL%20PROGRESO,OCOTLAN%20DE%20MORELOS,%20OAX.%20CONVENIO%20DE%20SERVICIO%20SOCIAL.PDF?CSF=1&WEB=1&E=B3O75W', '4', 4, 141, 1, 20),
(182, 'SIN FOLIO', 'NO', '2019-04-30', '2022-04-30', 'VIGENTE', 'HTTPS://SNITMX-MY.SHAREPOINT.COM/:B:/R/PERSONAL/VIN_VOAXACA_TECNM_MX/DOCUMENTS/CONVENIOS%20PDF%C2%B4S/CONVENIOS%202019/CEDHI%20CONSULTORES%20CONVENIO%20RESPROFESIONAL.PDF?CSF=1&WEB=1&E=OC6GRM', '2,3,4,5,6', 1, 142, 1, 20),
(183, 'SIN FOLIO', 'NO', '2019-04-30', '2022-04-30', 'VIGENTE', 'HTTPS://SNITMX-MY.SHAREPOINT.COM/:B:/R/PERSONAL/VIN_VOAXACA_TECNM_MX/DOCUMENTS/CONVENIOS%20PDF%C2%B4S/CONVENIOS%202019/CEDHI%20CONSULTORES%20CONVENIO%20MARCO.PDF?CSF=1&WEB=1&E=MQNRSU', '2,3,4,5,6', 3, 142, 1, 20),
(184, 'SIN FOLIO', 'NO', '2019-05-02', '2022-05-02', 'VIGENTE', 'HTTPS://SNITMX-MY.SHAREPOINT.COM/:B:/R/PERSONAL/VIN_VOAXACA_TECNM_MX/DOCUMENTS/CONVENIOS%20PDF%C2%B4S/CONVENIOS%202019/LA%20DIRECCION%20DE%20LA%20DEFENSORIA%20PUBLICA%20DEL%20ESTADO%20DE%20OAXACA%20CONVENIO%20SERVICIO%20SOCIAL.PDF?CSF=1&WEB=1&E=C32OPE', '2,3,4,5,6', 4, 143, 1, 20),
(185, 'SIN FOLIO', 'NO', '2019-05-02', '2022-05-02', 'VIGENTE', 'HTTPS://SNITMX-MY.SHAREPOINT.COM/:B:/R/PERSONAL/VIN_VOAXACA_TECNM_MX/DOCUMENTS/CONVENIOS%20PDF%C2%B4S/CONVENIOS%202019/LA%20DIRECCION%20DE%20LA%20DEFENSORIA%20PUBLICA%20DEL%20ESTADO%20DE%20OAXACA%20CONVENIO%20RESIDENCIA%20PROFESIONAL.PDF?CSF=1&WEB=1&E=XZV6O4', '2,3,4,5,6', 1, 143, 1, 20),
(186, 'SIN FOLIO', 'NO', '2019-05-02', '2022-05-02', 'VIGENTE', 'HTTPS://SNITMX-MY.SHAREPOINT.COM/:B:/R/PERSONAL/VIN_VOAXACA_TECNM_MX/DOCUMENTS/CONVENIOS%20PDF%C2%B4S/CONVENIOS%202019/LA%20DIRECCION%20DE%20LA%20DEFENSORIA%20PUBLICA%20DEL%20ESTADO%20DE%20OAXACA%20CONVENIO%20GENERAL.PDF?CSF=1&WEB=1&E=Q2P47R', '2,3,4,5,6', 3, 143, 1, 20),
(187, 'SIN FOLIO', 'NO', '2019-05-08', '2022-05-08', 'VIGENTE', 'HTTPS://SNITMX-MY.SHAREPOINT.COM/:B:/R/PERSONAL/VIN_VOAXACA_TECNM_MX/DOCUMENTS/CONVENIOS%20PDF%C2%B4S/CONVENIOS%202019/SAN%20ANTONINO%20CASTILLO%20VELASCO,OCOTLAN,OAXACA%20CONVENIO%20RESIDENCIA%20PROFESIONAL.PDF?CSF=1&WEB=1&E=WBSPVV', '4', 1, 144, 1, 20),
(188, 'SIN FOLIO', 'NO', '2019-05-08', '2022-05-08', 'VIGENTE', 'HTTPS://SNITMX-MY.SHAREPOINT.COM/:B:/R/PERSONAL/VIN_VOAXACA_TECNM_MX/DOCUMENTS/CONVENIOS%20PDF%C2%B4S/CONVENIOS%202019/SAN%20ANTONINO%20CASTILLO%20VELASCO,OCOTLAN,OAXACA,CONVENIO%20MARCO.PDF?CSF=1&WEB=1&E=WEM7XF', '4', 3, 144, 1, 20),
(189, 'SIN FOLIO', 'NO', '2019-05-13', '2020-05-13', 'FINALIZADO', 'HTTPS://SNITMX-MY.SHAREPOINT.COM/:B:/R/PERSONAL/VIN_VOAXACA_TECNM_MX/DOCUMENTS/CONVENIOS%20PDF%C2%B4S/CONVENIOS%202019/EL%20INSTITUTO%20ESTATAL%20ELECTORAL%20Y%20DE%20PARTICIPACION%20CIUDADANA%20DE%20OAXACA%20CONVENIO%20RESPROFESIONALPDF.PDF?CSF=1&WEB=1&E=VJVABM', '2,6', 1, 145, 1, 20),
(190, 'SIN FOLIO', 'NO', '2019-05-13', '2020-05-13', 'FINALIZADO', 'HTTPS://SNITMX-MY.SHAREPOINT.COM/:B:/R/PERSONAL/VIN_VOAXACA_TECNM_MX/DOCUMENTS/CONVENIOS%20PDF%C2%B4S/CONVENIOS%202019/EL%20INSTITUTO%20ESTATAL%20ELECTORAL%20Y%20DE%20PARTICIPACION%20CIUDADANA%20DE%20OAXACA%20CONVENIO%20MARCO.PDF?CSF=1&WEB=1&E=TSGFTG', '6,2', 3, 145, 1, 20),
(191, 'SIN FOLIO', 'NO', '2019-05-16', '2019-11-16', 'FINALIZADO', 'HTTPS://SNITMX-MY.SHAREPOINT.COM/:B:/R/PERSONAL/VIN_VOAXACA_TECNM_MX/DOCUMENTS/CONVENIOS%20PDF%C2%B4S/CONVENIOS%202019/LIC%20JAVIER%20CRUZ%20MARTHA.PDF?CSF=1&WEB=1&E=MEIIRR', '2,3,4,5,6', 8, 146, 1, 6),
(192, 'SIN FOLIO', 'NO', '2019-05-22', '2019-11-22', 'FINALIZADO', 'HTTPS://SNITMX-MY.SHAREPOINT.COM/:B:/R/PERSONAL/VIN_VOAXACA_TECNM_MX/DOCUMENTS/CONVENIOS%20PDF%C2%B4S/CONVENIOS%202019/LIC.JAVIER%20CRUZ%20MARTHA%20CONVENIO%20DE%20CONSULTORIA%20Y%20ASISTENCIA%20TECNICA.PDF?CSF=1&WEB=1&E=XMGQBH', '2,3,4,5,6', 9, 146, 1, 6),
(193, 'SIN FOLIO', 'NO', '2019-05-28', '2022-05-28', 'VIGENTE', 'HTTPS://SNITMX-MY.SHAREPOINT.COM/PERSONAL/VIN_VOAXACA_TECNM_MX/_LAYOUTS/15/ONEDRIVE.ASPX?ID=%2FPERSONAL%2FVIN%5FVOAXACA%5FTECNM%5FMX%2FDOCUMENTS%2FCONVENIOS%20PDF%C2%B4S%2FCONVENIOS%202019', '2,3,4,5,6', 3, 147, 1, 20),
(194, 'SIN FOLIO', 'NO', '2019-05-28', '2022-05-28', 'VIGENTE', 'HTTPS://SNITMX-MY.SHAREPOINT.COM/:B:/R/PERSONAL/VIN_VOAXACA_TECNM_MX/DOCUMENTS/CONVENIOS%20PDF%C2%B4S/CONVENIOS%202019/MUNICIPIO%20DE%20VILLA%20DE%20ZAACHILA.PDF?CSF=1&WEB=1&E=KOY4VT', '2,3,4,5,6', 1, 147, 1, 20),
(195, 'SIN FOLIO', 'NO', '2019-06-03', '2022-06-03', 'VIGENTE', 'HTTPS://SNITMX-MY.SHAREPOINT.COM/:B:/R/PERSONAL/VIN_VOAXACA_TECNM_MX/DOCUMENTS/CONVENIOS%20PDF%C2%B4S/CONVENIOS%202019/LA%20SECRETARIA%20DE%20BIENESTAR%20EN%20EL%20ESTADO%20DE%20OAXACA%20ACUERDO%20DE%20COLABORACION.PDF?CSF=1&WEB=1&E=JILATY', '2,3,4,5,6', 1, 148, 1, 20),
(196, 'SIN FOLIO', 'NO', '2019-06-03', '2022-06-03', 'VIGENTE', 'HTTPS://SNITMX-MY.SHAREPOINT.COM/:B:/R/PERSONAL/VIN_VOAXACA_TECNM_MX/DOCUMENTS/CONVENIOS%20PDF%C2%B4S/CONVENIOS%202019/LA%20SECRETARIA%20DE%20BIENESTAR%20EN%20EL%20ESTADO%20DE%20OAXACA%20ACUERDO%20MARCO.PDF?CSF=1&WEB=1&E=MHV0SU', '2,3,4,5,6', 3, 148, 1, 20);
INSERT INTO `convenio` (`idConvenio`, `folio`, `vigenciaIndefinida`, `fechaFirma`, `fechaVigencia`, `estatus`, `urlConvenio`, `carreras`, `idTipoCon`, `idInstancia`, `idUsuario`, `idIndicador`) VALUES
(197, 'SIN FOLIO', 'NO', '2019-06-03', '2022-06-03', 'VIGENTE', 'HTTPS://SNITMX-MY.SHAREPOINT.COM/:B:/R/PERSONAL/VIN_VOAXACA_TECNM_MX/DOCUMENTS/CONVENIOS%20PDF%C2%B4S/CONVENIOS%202019/LA%20SECRETARIA%20DE%20BIENESTAR%20EN%20EL%20ESTADO%20DE%20OAXACA%20ACUERDO%20DE%20SERVICIO%20SOCIAL.PDF?CSF=1&WEB=1&E=TTLJ5M', '2,3,4,5,6', 4, 148, 1, 20),
(198, 'SIN FOLIO', 'NO', '2019-06-17', '2019-09-20', 'FINALIZADO', 'HTTPS://SNITMX-MY.SHAREPOINT.COM/:B:/R/PERSONAL/VIN_VOAXACA_TECNM_MX/DOCUMENTS/CONVENIOS%20PDF%C2%B4S/CONVENIOS%202019/EL%20ING%20JUAN%20CARLOS%20%C3%81NGELES%20CORONADO%20%20CONVENIO%20DE%20PRESTACION%20DE%20SERVICIO%20DE%20CONSULTORIA.PDF?CSF=1&WEB=1&E=9NDD7R', '2,3,4,5,6', 9, 149, 1, 6),
(199, 'SIN FOLIO', 'NO', '2019-06-26', '2022-06-26', 'VIGENTE', 'HTTPS://SNITMX-MY.SHAREPOINT.COM/:B:/R/PERSONAL/VIN_VOAXACA_TECNM_MX/DOCUMENTS/CONVENIOS%20PDF%C2%B4S/CONVENIOS%202019/PRODUCTORES%20DEL%20BUEN%20AGAVE%20S.A%20DE%20C.V.PDF?CSF=1&WEB=1&E=L2LVLV', '4,5', 1, 150, 1, 20),
(200, 'SIN FOLIO', 'NO', '2018-12-06', '2028-12-06', 'VIGENTE', 'HTTPS://SNITMX-MY.SHAREPOINT.COM/:B:/R/PERSONAL/VIN_VOAXACA_TECNM_MX/DOCUMENTS/CONVENIOS%20PDF%C2%B4S/CONVENIOS%202019/CENTRO%20DE%20INVESTIGACI%C3%93N%20EN%20ALIMENTACI%C3%93N%20Y%20DESARROLLO.PDF?CSF=1&WEB=1&E=3GFBNR', '4,5', 3, 123, 1, 20),
(201, 'SIN FOLIO', 'NO', '2019-08-22', '2022-08-22', 'VIGENTE', 'HTTPS://SNITMX-MY.SHAREPOINT.COM/:B:/R/PERSONAL/VIN_VOAXACA_TECNM_MX/DOCUMENTS/CONVENIOS%20PDF%C2%B4S/CONVENIOS%202019/CENTRO%20DE%20INVESTIGACION%20CIENTIFICA%20Y%20DE%20EDUCACION%20SUPERIOR%20DE%20ENSENADA-MARCO.PDF?CSF=1&WEB=1&E=VXFSAM', '5', 1, 151, 1, 6),
(202, 'SIN FOLIO', 'NO', '2019-08-27', '2022-08-27', 'VIGENTE', 'HTTPS://SNITMX-MY.SHAREPOINT.COM/:B:/R/PERSONAL/VIN_VOAXACA_TECNM_MX/DOCUMENTS/CONVENIOS%20PDF%C2%B4S/CONVENIOS%202019/ALTERNATIVA%20CIVICA%20DE%20PUEBLOS%20INDIGENAS%20DE%20OAXACA%20ACPIO%20A.C.PDF?CSF=1&WEB=1&E=A14TCH', '4', 1, 152, 1, 20),
(203, 'SIN FOLIO', 'NO', '2019-09-05', '2022-09-05', 'VIGENTE', 'HTTPS://SNITMX-MY.SHAREPOINT.COM/:B:/R/PERSONAL/VIN_VOAXACA_TECNM_MX/DOCUMENTS/CONVENIOS%20PDF%C2%B4S/CONVENIOS%202019/MUNICIPIO%20ZIMATLAN%20DE%20ALVAREZ.PDF?CSF=1&WEB=1&E=FPQKJA', '2,3,4,5,6', 4, 153, 1, 20),
(204, 'SIN FOLIO', 'NO', '2019-09-08', '2022-09-08', 'VIGENTE', 'HTTPS://SNITMX-MY.SHAREPOINT.COM/:B:/R/PERSONAL/VIN_VOAXACA_TECNM_MX/DOCUMENTS/CONVENIOS%20PDF%C2%B4S/CONVENIOS%202019/ESCUEL%20PRIMARIA%20LUZ%20Y%20CIENCIA.PDF?CSF=1&WEB=1&E=NUF2RZ', '2,3,4,5,6', 4, 154, 1, 20),
(205, 'SIN FOLIO', 'NO', '2019-10-10', '2022-10-11', 'VIGENTE', 'HTTPS://SNITMX-MY.SHAREPOINT.COM/:B:/R/PERSONAL/VIN_VOAXACA_TECNM_MX/DOCUMENTS/CONVENIOS%20PDF%C2%B4S/CONVENIOS%202019/CENTRO%20DE%20ENSE%C3%91ANZA%20OCUPACIONAL%20N.%2010%20GRAL.%20VICENTE%20GUERRERO,%20CLAVE%2020DEEO005W.PDF?CSF=1&WEB=1&E=461YVP', '2,3,4,5,6', 4, 155, 1, 20),
(206, 'SIN FOLIO', 'NO', '2019-10-11', '2020-04-12', 'FINALIZADO', 'HTTPS://SNITMX-MY.SHAREPOINT.COM/:B:/R/PERSONAL/VIN_VOAXACA_TECNM_MX/DOCUMENTS/CONVENIOS%20PDF%C2%B4S/CONVENIOS%202019/PROYECTO%20EMPRESARIAL%20HERBOHUAX%20.PDF?CSF=1&WEB=1&E=SBCCWP', '2,3,4,5,6', 10, 156, 1, 20),
(207, 'SIN FOLIO', 'NO', '2010-10-10', '2020-04-11', 'FINALIZADO', 'HTTPS://SNITMX-MY.SHAREPOINT.COM/:B:/R/PERSONAL/VIN_VOAXACA_TECNM_MX/DOCUMENTS/CONVENIOS%20PDF%C2%B4S/CONVENIOS%202019/JARDIN%20DE%20NI%C3%91OS%20COSIJOEZA.PDF?CSF=1&WEB=1&E=FARCKM', '2,3,4,5,6', 11, 157, 1, 20),
(208, 'SIN FOLIO', 'NO', '2019-08-27', '2022-08-28', 'VIGENTE', 'HTTPS://SNITMX-MY.SHAREPOINT.COM/:B:/R/PERSONAL/VIN_VOAXACA_TECNM_MX/DOCUMENTS/CONVENIOS%20PDF%C2%B4S/CONVENIOS%202019/UNIVERSIDAD%20LA%20SALLE%20COLABORACION%20DE%20RESIDENCIAS%20PROFESIONALES%20.PDF?CSF=1&WEB=1&E=FAVCGS', '6,2', 1, 158, 1, 20),
(209, 'SIN FOLIO', 'NO', '2019-08-27', '2022-08-28', 'VIGENTE', 'HTTPS://SNITMX-MY.SHAREPOINT.COM/:B:/R/PERSONAL/VIN_VOAXACA_TECNM_MX/DOCUMENTS/CONVENIOS%20PDF%C2%B4S/CONVENIOS%202019/UNIVERSIDAD%20LA%20SALLE%20MARCO%20DE%20COLABORACION.PDF?CSF=1&WEB=1&E=C3YSLZ', '2,6', 3, 158, 1, 20),
(210, 'SIN FOLIO', 'NO', '2019-09-13', '2020-03-14', 'FINALIZADO', 'HTTPS://SNITMX-MY.SHAREPOINT.COM/PERSONAL/VIN_VOAXACA_TECNM_MX/_LAYOUTS/15/ONEDRIVE.ASPX?ID=%2FPERSONAL%2FVIN%5FVOAXACA%5FTECNM%5FMX%2FDOCUMENTS%2FCONVENIOS%20PDF%C2%B4S%2FCONVENIOS%202019', '2,3,4,5,6', 12, 159, 1, 20),
(211, 'SIN FOLIO', 'NO', '2019-10-23', '2022-10-24', 'VIGENTE', 'HTTPS://SNITMX-MY.SHAREPOINT.COM/:B:/R/PERSONAL/VIN_VOAXACA_TECNM_MX/DOCUMENTS/CONVENIOS%20PDF%C2%B4S/CONVENIOS%202019/MARCO%20DE%20COLABORACI%C3%93N%20GRUPO%20CRR%20PROSEFOR%20S.A.S%20DE%20C.V.PDF?CSF=1&WEB=1&E=K4ZYBB', '6,2', 3, 160, 1, 20),
(212, 'SIN FOLIO', 'NO', '2019-04-30', '2022-04-30', 'VIGENTE', 'HTTPS://SNITMX-MY.SHAREPOINT.COM/:B:/R/PERSONAL/VIN_VOAXACA_TECNM_MX/DOCUMENTS/CONVENIOS%20PDF%C2%B4S/CONVENIOS%202019/CEDHI%20CONSULTORES%20CONVENIO%20MARCO.PDF?CSF=1&WEB=1&E=IXKPCX', '6,2', 3, 142, 1, 20),
(213, 'SIN FOLIO', 'NO', '2019-10-21', '2022-10-22', 'VIGENTE', 'HTTPS://SNITMX-MY.SHAREPOINT.COM/:B:/R/PERSONAL/VIN_VOAXACA_TECNM_MX/DOCUMENTS/CONVENIOS%20PDF%C2%B4S/CONVENIOS%202019/DAAN%20LLIA%20SOCIEDAD%20DE%20PRODUCCI%C3%93N%20RURAL%20DE%20RESPONSABILIDAD%20ILIMITADA.PDF?CSF=1&WEB=1&E=PTDWRJ', '4,5', 3, 161, 1, 6),
(214, 'SIN FOLIO', 'NO', '2019-10-21', '2022-10-22', 'VIGENTE', 'HTTPS://SNITMX-MY.SHAREPOINT.COM/:B:/R/PERSONAL/VIN_VOAXACA_TECNM_MX/DOCUMENTS/CONVENIOS%20PDF%C2%B4S/CONVENIOS%202019/DAAN%20LLIA%20SOCIEDAD%20DE%20PRODUCCION%20RURAL%20DE%20RESPONSABILIDAD%20ILIMITADA.PDF?CSF=1&WEB=1&E=IBYXEA', '4,5', 1, 161, 1, 6),
(215, 'SIN FOLIO', 'NO', '2019-10-02', '2022-10-03', 'VIGENTE', 'HTTPS://SNITMX-MY.SHAREPOINT.COM/PERSONAL/VIN_VOAXACA_TECNM_MX/_LAYOUTS/15/ONEDRIVE.ASPX?ID=%2FPERSONAL%2FVIN%5FVOAXACA%5FTECNM%5FMX%2FDOCUMENTS%2FCONVENIOS%20PDF%C2%B4S%2FCONVENIOS%202019', '5,4,3', 4, 162, 1, 20),
(216, 'SIN FOLIO', 'NO', '2019-10-02', '2022-10-03', 'VIGENTE', 'HTTPS://SNITMX-MY.SHAREPOINT.COM/PERSONAL/VIN_VOAXACA_TECNM_MX/_LAYOUTS/15/ONEDRIVE.ASPX?ID=%2FPERSONAL%2FVIN%5FVOAXACA%5FTECNM%5FMX%2FDOCUMENTS%2FCONVENIOS%20PDF%C2%B4S%2FCONVENIOS%202019', '4,3,5', 3, 162, 1, 20),
(217, 'SIN FOLIO', 'NO', '2019-10-11', '2022-10-12', 'VIGENTE', 'HTTPS://SNITMX-MY.SHAREPOINT.COM/:B:/R/PERSONAL/VIN_VOAXACA_TECNM_MX/DOCUMENTS/CONVENIOS%20PDF%C2%B4S/CONVENIOS%202019/HOSPITAL%20REGIONAL%20DE%20ALTA%20ESPECIALIDAD%20DE%20OAXACA.PDF?CSF=1&WEB=1&E=9MF1AZ', '6,2', 3, 163, 1, 20),
(218, 'SIN FOLIO', 'NO', '2019-10-11', '2019-12-20', 'FINALIZADO', 'HTTPS://SNITMX-MY.SHAREPOINT.COM/PERSONAL/VIN_VOAXACA_TECNM_MX/_LAYOUTS/15/ONEDRIVE.ASPX?ID=%2FPERSONAL%2FVIN%5FVOAXACA%5FTECNM%5FMX%2FDOCUMENTS%2FCONVENIOS%20PDF%C2%B4S%2FCONVENIOS%202019', '6,2', 9, 164, 1, 20),
(219, 'SIN FOLIO', 'NO', '2019-12-15', '2022-12-15', 'VIGENTE', 'HTTPS://SNITMX-MY.SHAREPOINT.COM/:B:/R/PERSONAL/VIN_VOAXACA_TECNM_MX/DOCUMENTS/CONVENIOS%20PDF%C2%B4S/CONVENIOS%202019/COMISARIADO%20COMUNAL%20SANTA%20MARIA%20PE%C3%91OLES.PDF?CSF=1&WEB=1&E=1ZIO0S', '2,3,4,5,6', 4, 165, 1, 20),
(220, '08/GTyV/2020', 'NO', '2020-01-22', '2023-01-22', 'VIGENTE', 'HTTPS://SNITMX-MY.SHAREPOINT.COM/:B:/R/PERSONAL/VIN_VOAXACA_TECNM_MX/DOCUMENTS/CONVENIOS%20PDF%C2%B4S/CONVENIOS%202020/INDUSTRIA%20PECUARIA%20MONTEALBAN_MARCO.PDF?CSF=1&WEB=1&E=WSFIWE', '3,4,5', 3, 166, 1, 20),
(221, '09/GTYV/2020', 'NO', '2020-01-22', '2023-01-22', 'VIGENTE', 'HTTPS://SNITMX-MY.SHAREPOINT.COM/:B:/R/PERSONAL/VIN_VOAXACA_TECNM_MX/DOCUMENTS/CONVENIOS%20PDF%C2%B4S/CONVENIOS%202020/INPEMA-RESIDENCIA.PDF?CSF=1&WEB=1&E=WDD17F', '3,4,5', 1, 166, 1, 20),
(222, '06/GTYV/2020', 'NO', '2020-01-22', '2023-01-22', 'VIGENTE', 'HTTPS://SNITMX-MY.SHAREPOINT.COM/:B:/R/PERSONAL/VIN_VOAXACA_TECNM_MX/DOCUMENTS/CONVENIOS%20PDF%C2%B4S/CONVENIOS%202020/HERASOFT%20SA%20DE%20CV_MARCO.PDF?CSF=1&WEB=1&E=H88J7L', '6,2', 3, 167, 1, 20),
(223, '07/GTYV/2020', 'NO', '2020-01-22', '2023-01-22', 'VIGENTE', 'HTTPS://SNITMX-MY.SHAREPOINT.COM/:B:/R/PERSONAL/VIN_VOAXACA_TECNM_MX/DOCUMENTS/CONVENIOS%20PDF%C2%B4S/CONVENIOS%202020/HERASOFT%20SA%20DE%20CV_RESIDENCIA.PDF?CSF=1&WEB=1&E=RYT4XD', '6,2', 1, 167, 1, 20),
(224, 'SIN FOLIO', 'NO', '2020-09-24', '2023-01-20', 'VIGENTE', 'HTTPS://SNITMX-MY.SHAREPOINT.COM/:B:/R/PERSONAL/VIN_VOAXACA_TECNM_MX/DOCUMENTS/CONVENIOS%20PDF%C2%B4S/CONVENIOS%202020/SF-2020-CM-AYUNTAMIENTO%20VILLA%20DE%20TUTUTEPEC.PDF?CSF=1&WEB=1&E=OJLH1W', '2,3,4,5,6', 3, 131, 1, 20),
(225, '04/GTYV/2020', 'NO', '2020-01-20', '2023-01-20', 'VIGENTE', 'HTTPS://SNITMX-MY.SHAREPOINT.COM/:B:/R/PERSONAL/VIN_VOAXACA_TECNM_MX/DOCUMENTS/CONVENIOS%20PDF%C2%B4S/CONVENIOS%202020/EJUTLA%20DE%20CRESPO_MARCO.PDF?CSF=1&WEB=1&E=NWUAGS', '2,3,4,5,6', 3, 168, 1, 20),
(226, '05/GTYV/2020', 'NO', '2020-01-20', '2023-01-20', 'VIGENTE', 'HTTPS://SNITMX-MY.SHAREPOINT.COM/:B:/R/PERSONAL/VIN_VOAXACA_TECNM_MX/DOCUMENTS/CONVENIOS%20PDF%C2%B4S/CONVENIOS%202020/EJUTLA%20DE%20CRESPO_SERVICIO%20SOCIAL.PDF?CSF=1&WEB=1&E=YJDHFV', '2,3,4,5,6', 4, 168, 1, 20),
(227, '02/GTYV/2020', 'NO', '2020-01-17', '2023-01-17', 'VIGENTE', 'HTTPS://SNITMX-MY.SHAREPOINT.COM/:B:/R/PERSONAL/VIN_VOAXACA_TECNM_MX/DOCUMENTS/CONVENIOS%20PDF%C2%B4S/CONVENIOS%202020/SAN%20JUAN%20EVANGELISTA%20ANALCO_SERVICIO%20SOCIAL.PDF?CSF=1&WEB=1&E=OJYNIQ', '2,3,4,5,6', 4, 169, 1, 20),
(228, '03/GTYV/2020', 'NO', '2020-01-17', '2023-01-17', 'VIGENTE', 'HTTPS://SNITMX-MY.SHAREPOINT.COM/:B:/R/PERSONAL/VIN_VOAXACA_TECNM_MX/DOCUMENTS/CONVENIOS%20PDF%C2%B4S/CONVENIOS%202020/SAN%20JUAN%20EVANGELISTA%20ANALCO_MARCO.PDF?CSF=1&WEB=1&E=OKH7FW', '2,3,4,5,6', 3, 169, 1, 20),
(229, '10/GTYV/2020', 'NO', '2020-01-23', '2021-01-23', 'FINALIZADO', 'HTTPS://SNITMX-MY.SHAREPOINT.COM/:B:/R/PERSONAL/VIN_VOAXACA_TECNM_MX/DOCUMENTS/CONVENIOS%20PDF%C2%B4S/CONVENIOS%202020/COLEGIO%20DE%20ESTUDIOS%20EN%20INFORMATICA_ESPECIFICO_INGLES.PDF?CSF=1&WEB=1&E=SWYYEL', '2,3,4,5,6', 3, 12, 1, 20),
(230, '11/GTYV/2020', 'NO', '2020-02-02', '2025-02-02', 'VIGENTE', 'HTTPS://SNITMX-MY.SHAREPOINT.COM/:B:/R/PERSONAL/VIN_VOAXACA_TECNM_MX/DOCUMENTS/CONVENIOS%20PDF%C2%B4S/CONVENIOS%202020/SERVICIOS%20DE%20SALUD%20DE%20OAXACA_RESIDENCIA.PDF?CSF=1&WEB=1&E=YCE1SV', '6,2', 1, 51, 1, 20),
(231, '12/GTYV/2020', 'NO', '2020-02-02', '2025-02-02', 'VIGENTE', 'HTTPS://SNITMX-MY.SHAREPOINT.COM/:B:/R/PERSONAL/VIN_VOAXACA_TECNM_MX/DOCUMENTS/CONVENIOS%20PDF%C2%B4S/CONVENIOS%202020/SERVICIOS%20DE%20SALUD%20DE%20OAXACA_SERVICIO%20SOCIAL.PDF?CSF=1&WEB=1&E=KGOHDI', '6,2', 4, 51, 1, 20),
(232, '13/GTYV/2020', 'NO', '2020-02-15', '2023-02-15', 'VIGENTE', 'HTTPS://SNITMX-MY.SHAREPOINT.COM/:B:/R/PERSONAL/VIN_VOAXACA_TECNM_MX/DOCUMENTS/CONVENIOS%20PDF%C2%B4S/CONVENIOS%202020/CUILAPAM%20DE%20GUERRERO_RESIDENCIA.PDF?CSF=1&WEB=1&E=BNI9OX', '2,3,4,5,6', 1, 170, 1, 20),
(233, 'SIN FOLIO', 'SI', '2021-12-23', NULL, 'VIGENTE', 'HTTPS://SNITMX-MY.SHAREPOINT.COM/PERSONAL/VIN_VOAXACA_TECNM_MX/_LAYOUTS/15/ONEDRIVE.ASPX?ID=%2FPERSONAL%2FVIN%5FVOAXACA%5FTECNM%5FMX%2FDOCUMENTS%2FCONVENIOS%20PDF%C2%B4S%2FCONVENIOS%202020', '3,4,5', 1, 171, 1, 20),
(234, '15/GTYV/2020', 'NO', '2020-02-25', '2023-02-25', 'VIGENTE', 'HTTPS://SNITMX-MY.SHAREPOINT.COM/:B:/R/PERSONAL/VIN_VOAXACA_TECNM_MX/DOCUMENTS/CONVENIOS%20PDF%C2%B4S/CONVENIOS%202020/CIERBO%20SC_RESIDENCIA.PDF?CSF=1&WEB=1&E=BFVGX1', '5,3,4', 1, 172, 1, 20),
(235, '18/GTYV/2020', 'NO', '2020-03-05', '2023-03-05', 'VIGENTE', 'HTTPS://SNITMX-MY.SHAREPOINT.COM/:B:/R/PERSONAL/VIN_VOAXACA_TECNM_MX/DOCUMENTS/CONVENIOS%20PDF%C2%B4S/CONVENIOS%202020/PLUMA%20HIDALGO_MARCO.PDF?CSF=1&WEB=1&E=8AYF6Y', '2,3,4,5,6', 3, 173, 1, 20),
(236, '19/GTYV/2021', 'NO', '2020-03-05', '2023-03-05', 'VIGENTE', 'HTTPS://SNITMX-MY.SHAREPOINT.COM/:B:/R/PERSONAL/VIN_VOAXACA_TECNM_MX/DOCUMENTS/CONVENIOS%20PDF%C2%B4S/CONVENIOS%202020/PLUMA%20HIDALGO_RESIDENCIA.PDF?CSF=1&WEB=1&E=MWCWP4', '2,3,4,5,6', 1, 173, 1, 20),
(237, '20/GTYV/2020', 'NO', '2020-03-06', '2023-03-06', 'VIGENTE', 'HTTPS://SNITMX-MY.SHAREPOINT.COM/:B:/R/PERSONAL/VIN_VOAXACA_TECNM_MX/DOCUMENTS/CONVENIOS%20PDF%C2%B4S/CONVENIOS%202020/SANTO%20DOMINGO%20CACALOPETEP_MARCO.PDF?CSF=1&WEB=1&E=MVYZHB', '2,3,4,5,6', 3, 174, 1, 20),
(238, '21/GTYV/2020', 'NO', '2020-03-06', '2023-03-06', 'VIGENTE', 'HTTPS://SNITMX-MY.SHAREPOINT.COM/:B:/R/PERSONAL/VIN_VOAXACA_TECNM_MX/DOCUMENTS/CONVENIOS%20PDF%C2%B4S/CONVENIOS%202020/SANTO%20DOMINGO%20CACALOPETEP_RESIDENCIA.PDF?CSF=1&WEB=1&E=8FBTCA', '2,3,4,5,6', 1, 174, 1, 20),
(239, '22/GTYV/2020', 'NO', '2020-03-10', '2023-03-10', 'VIGENTE', 'HTTPS://SNITMX-MY.SHAREPOINT.COM/:B:/R/PERSONAL/VIN_VOAXACA_TECNM_MX/DOCUMENTS/CONVENIOS%20PDF%C2%B4S/CONVENIOS%202020/MEDERI_RESIDENCIA.PDF?CSF=1&WEB=1&E=TMO3OV', '6,2', 1, 175, 1, 20),
(240, '23/GTYV/2020', 'NO', '2020-03-04', '2023-03-04', 'VIGENTE', 'HTTPS://SNITMX-MY.SHAREPOINT.COM/:B:/R/PERSONAL/VIN_VOAXACA_TECNM_MX/DOCUMENTS/CONVENIOS%20PDF%C2%B4S/CONVENIOS%202020/MEZCALERIA%20CHAGOYA_MARCO.PDF?CSF=1&WEB=1&E=SNDAMT', '4', 3, 176, 1, 20),
(241, '26/GTYV/2020', 'NO', '2020-03-17', '2023-03-17', 'VIGENTE', 'HTTPS://SNITMX-MY.SHAREPOINT.COM/:B:/R/PERSONAL/VIN_VOAXACA_TECNM_MX/DOCUMENTS/CONVENIOS%20PDF%C2%B4S/CONVENIOS%202020/BIOECORI_MARCO.PDF?CSF=1&WEB=1&E=21V59M', '6,2,5', 3, 179, 1, 20),
(242, '27/GTYV/2020', 'NO', '2020-09-01', '2023-09-01', 'VIGENTE', 'HTTPS://SNITMX-MY.SHAREPOINT.COM/:B:/R/PERSONAL/VIN_VOAXACA_TECNM_MX/DOCUMENTS/CONVENIOS%20PDF%C2%B4S/CONVENIOS%202020/COMITE%20PLAYAS%20LIMPIAS%20SANTA%20MARIA%20HUATULCO_MARCO.PDF?CSF=1&WEB=1&E=YC1WJL', '2,3,4,5,6', 3, 180, 1, 20),
(243, '28/GTYV/2020', 'NO', '2020-09-01', '2023-09-01', 'VIGENTE', 'HTTPS://SNITMX-MY.SHAREPOINT.COM/:B:/R/PERSONAL/VIN_VOAXACA_TECNM_MX/DOCUMENTS/CONVENIOS%20PDF%C2%B4S/CONVENIOS%202020/COMITE%20PLAYAS%20LIMPIAS%20SANTA%20MARIA%20HUATLCO_RESIDENCIA.PDF?CSF=1&WEB=1&E=FVJLNF', '2,3,4,5,6', 1, 180, 1, 20),
(244, '34/GTYV/2020', 'NO', '2020-10-21', '2022-10-21', 'VIGENTE', 'HTTPS://SNITMX-MY.SHAREPOINT.COM/:B:/R/PERSONAL/VIN_VOAXACA_TECNM_MX/DOCUMENTS/CONVENIOS%20PDF%C2%B4S/CONVENIOS%202020/CONV.MARCO_SUST.ECOSISTEMASFORESTALES.PDF?CSF=1&WEB=1&E=1JLEJS', '2,3,4,5,6', 3, 182, 1, 6),
(245, '35/GTYV/2020', 'NO', '2020-10-21', '2022-10-21', 'VIGENTE', 'HTTPS://SNITMX-MY.SHAREPOINT.COM/:B:/R/PERSONAL/VIN_VOAXACA_TECNM_MX/DOCUMENTS/CONVENIOS%20PDF%C2%B4S/CONVENIOS%202020/CONV.RES_SUST.ECOSISTEMASFORESTALES.PDF?CSF=1&WEB=1&E=FEQ8E4', '2,3,4,5,6', 1, 182, 1, 6),
(246, '36/GTYV/2020', 'NO', '2020-10-23', '2025-10-23', 'VIGENTE', 'HTTPS://SNITMX-MY.SHAREPOINT.COM/:B:/R/PERSONAL/VIN_VOAXACA_TECNM_MX/DOCUMENTS/CONVENIOS%20PDF%C2%B4S/CONVENIOS%202020/CONV.MARCO_TEAMSIDE.PDF?CSF=1&WEB=1&E=RVQRF0', '2,3,4,5,6', 3, 183, 1, 6),
(247, '37/GTYV/2020', 'NO', '2020-10-23', '2025-10-23', 'VIGENTE', 'HTTPS://SNITMX-MY.SHAREPOINT.COM/:B:/R/PERSONAL/VIN_VOAXACA_TECNM_MX/DOCUMENTS/CONVENIOS%20PDF%C2%B4S/CONVENIOS%202020/CONV.RES_TEAMSIDE.PDF?CSF=1&WEB=1&E=TLFCTB', '2,3,4,5,6', 1, 183, 1, 6),
(248, '38/GTYV/2020', 'NO', '2020-11-09', '2023-11-09', 'VIGENTE', 'HTTPS://SNITMX-MY.SHAREPOINT.COM/:B:/R/PERSONAL/VIN_VOAXACA_TECNM_MX/DOCUMENTS/CONVENIOS%20PDF%C2%B4S/CONVENIOS%202020/CONV.MARCO_ENCUENTRO%20POR%20MEXICO.PDF?CSF=1&WEB=1&E=TS31QK', '6,2', 3, 184, 1, 6),
(249, '01/GTYV/2021', 'NO', '2021-01-18', '2024-01-18', 'VIGENTE', 'HTTPS://SNITMX-MY.SHAREPOINT.COM/PERSONAL/VIN_VOAXACA_TECNM_MX/_LAYOUTS/15/ONEDRIVE.ASPX?ID=%2FPERSONAL%2FVIN%5FVOAXACA%5FTECNM%5FMX%2FDOCUMENTS%2FCONVENIOS%20PDF%C2%B4S%2FCONVENIOS%202021', '4,3', 3, 15, 1, 6),
(250, '02/GTYV/2021', 'NO', '2021-01-18', '2024-01-18', 'VIGENTE', 'HTTPS://SNITMX-MY.SHAREPOINT.COM/PERSONAL/VIN_VOAXACA_TECNM_MX/_LAYOUTS/15/ONEDRIVE.ASPX?ID=%2FPERSONAL%2FVIN%5FVOAXACA%5FTECNM%5FMX%2FDOCUMENTS%2FCONVENIOS%20PDF%C2%B4S%2FCONVENIOS%202021', '3,4', 1, 15, 1, 6),
(251, 'SIN FOLIO', 'NO', '2021-01-22', '2024-01-22', 'VIGENTE', 'HTTPS://SNITMX-MY.SHAREPOINT.COM/:B:/R/PERSONAL/VIN_VOAXACA_TECNM_MX/DOCUMENTS/CONVENIOS%20PDF%C2%B4S/CONVENIOS%202021/FACULTAD%20DE%20MEDICINA%20UADBJO-CM.PDF?CSF=1&WEB=1&E=64FIHD', '6,2,5', 3, 16, 1, 20),
(252, '03/GTYV/2021', 'NO', '2021-01-22', '2024-01-22', 'VIGENTE', 'HTTPS://SNITMX-MY.SHAREPOINT.COM/:B:/R/PERSONAL/VIN_VOAXACA_TECNM_MX/DOCUMENTS/CONVENIOS%20PDF%C2%B4S/CONVENIOS%202021/03-2021-CM-DOS%20VALES%20SA%20DE%20CV.PDF?CSF=1&WEB=1&E=KLBPO2', '2,3,4,5,6', 3, 17, 1, 6),
(253, '04/GTYV/2021', 'NO', '2021-01-22', '2024-01-22', 'VIGENTE', 'HTTPS://SNITMX-MY.SHAREPOINT.COM/:B:/R/PERSONAL/VIN_VOAXACA_TECNM_MX/DOCUMENTS/CONVENIOS%20PDF%C2%B4S/CONVENIOS%202021/04-2021-CR-DOS%20VALES%20SA%20DE%20CV.PDF?CSF=1&WEB=1&E=P3DKST', '2,3,4,5,6', 1, 17, 1, 6),
(254, '06/GTYV/2021', 'NO', '2021-03-05', '2024-03-05', 'VIGENTE', 'HTTPS://SNITMX-MY.SHAREPOINT.COM/:B:/R/PERSONAL/VIN_VOAXACA_TECNM_MX/DOCUMENTS/CONVENIOS%20PDF%C2%B4S/CONVENIOS%202021/06-2021-CSS-SADER%20OAXACA.PDF?CSF=1&WEB=1&E=3JBNXG', '3,4', 4, 19, 1, 6),
(255, '07/GTYV/2021', 'NO', '2021-03-05', '2024-03-05', 'VIGENTE', 'HTTPS://SNITMX-MY.SHAREPOINT.COM/:B:/R/PERSONAL/VIN_VOAXACA_TECNM_MX/DOCUMENTS/CONVENIOS%20PDF%C2%B4S/CONVENIOS%202021/07-2021-CR-SADER%20OAXACA.PDF?CSF=1&WEB=1&E=ESTH4I', '3,4', 1, 19, 1, 6),
(256, '08/GTYV/2021', 'NO', '2021-02-15', '2024-02-15', 'VIGENTE', 'HTTPS://SNITMX-MY.SHAREPOINT.COM/:B:/R/PERSONAL/VIN_VOAXACA_TECNM_MX/DOCUMENTS/CONVENIOS%20PDF%C2%B4S/CONVENIOS%202021/08-2021-CM-CENTRO%20DE%20DERECHOS%20INDIGENAS.PDF?CSF=1&WEB=1&E=CSL431', '2,3,4,5,6', 3, 18, 1, 6),
(257, '09/GTYV/2021', 'NO', '2021-02-15', '2024-02-15', 'VIGENTE', 'HTTPS://SNITMX-MY.SHAREPOINT.COM/:B:/R/PERSONAL/VIN_VOAXACA_TECNM_MX/DOCUMENTS/CONVENIOS%20PDF%C2%B4S/CONVENIOS%202021/09-2021-CR-CENTRO%20DE%20DERECHOS%20INDIGENAS.PDF?CSF=1&WEB=1&E=T8WAZK', '2,3,4,5,6', 1, 18, 1, 6),
(258, '10/GTYV/2021', 'NO', '2021-02-15', '2024-02-15', 'VIGENTE', 'HTTPS://SNITMX-MY.SHAREPOINT.COM/:B:/R/PERSONAL/VIN_VOAXACA_TECNM_MX/DOCUMENTS/CONVENIOS%20PDF%C2%B4S/CONVENIOS%202021/10-2021-CSS-CENTRO%20DE%20DERECHOS%20INDIGENAS.PDF?CSF=1&WEB=1&E=3GGVZN', '2,3,4,5,6', 4, 18, 1, 6),
(259, '11/GTYV/2021', 'NO', '2021-02-05', '2022-11-30', 'VIGENTE', 'HTTPS://SNITMX-MY.SHAREPOINT.COM/:B:/R/PERSONAL/VIN_VOAXACA_TECNM_MX/DOCUMENTS/CONVENIOS%20PDF%C2%B4S/CONVENIOS%202021/11-2021-CM-COESFO.PDF?CSF=1&WEB=1&E=5ZT7V3', '2,3,4,5,6', 3, 20, 1, 6),
(260, '12/GTYV/2021', 'NO', '2021-02-05', '2022-11-30', 'VIGENTE', 'HTTPS://SNITMX-MY.SHAREPOINT.COM/:B:/R/PERSONAL/VIN_VOAXACA_TECNM_MX/DOCUMENTS/CONVENIOS%20PDF%C2%B4S/CONVENIOS%202021/12-2021-CSS-COESFO.PDF?CSF=1&WEB=1&E=R7XOOL', '2,3,4,5,6', 4, 20, 1, 6),
(261, '13/GTYV/2021', 'NO', '2021-02-22', '2024-02-22', 'VIGENTE', 'HTTPS://SNITMX-MY.SHAREPOINT.COM/:B:/R/PERSONAL/VIN_VOAXACA_TECNM_MX/DOCUMENTS/CONVENIOS%20PDF%C2%B4S/CONVENIOS%202021/13-2021-CM-INVESTIGACION%20Y%20DIALOGO%20PARA%20LA%20AUTOGESTIO%20SOCIAL%20AC.PDF?CSF=1&WEB=1&E=AI7MSQ', '6,2', 3, 21, 1, 6),
(262, '14/GTYV/2021', 'NO', '2021-02-22', '2024-02-22', 'VIGENTE', 'HTTPS://SNITMX-MY.SHAREPOINT.COM/:B:/R/PERSONAL/VIN_VOAXACA_TECNM_MX/DOCUMENTS/CONVENIOS%20PDF%C2%B4S/CONVENIOS%202021/14-2021-CR-INVESTIGACION%20Y%20DIALOGO%20PARA%20LA%20AUTOGESTIO%20SOCIAL%20AC.PDF?CSF=1&WEB=1&E=WBOAIS', '6,2', 1, 21, 1, 6),
(263, '15/GTYV/2021', 'NO', '2021-02-23', '2024-02-23', 'VIGENTE', 'HTTPS://SNITMX-MY.SHAREPOINT.COM/:B:/R/PERSONAL/VIN_VOAXACA_TECNM_MX/DOCUMENTS/CONVENIOS%20PDF%C2%B4S/CONVENIOS%202021/15-2021-CM-MUNICIPIO%20DE%20SANTA%20CATARINA%20QUIANE.PDF?CSF=1&WEB=1&E=ODZYHH', '2,3,4,5,6', 3, 22, 1, 6),
(264, '16/GTYV/2021', 'NO', '2021-02-23', '2024-02-23', 'VIGENTE', 'HTTPS://SNITMX-MY.SHAREPOINT.COM/:B:/R/PERSONAL/VIN_VOAXACA_TECNM_MX/DOCUMENTS/CONVENIOS%20PDF%C2%B4S/CONVENIOS%202021/16-2021-CR-MUNICIPIO%20DE%20SANTA%20CATARINA%20QUIANE.PDF?CSF=1&WEB=1&E=PGKTB7', '2,3,4,5,6', 1, 22, 1, 6),
(265, '17/GTYV/2021', 'NO', '2021-03-08', '2022-03-08', 'VIGENTE', 'HTTPS://SNITMX-MY.SHAREPOINT.COM/:B:/R/PERSONAL/VIN_VOAXACA_TECNM_MX/DOCUMENTS/CONVENIOS%20PDF%C2%B4S/CONVENIOS%202021/17-2021-CM-COMISARIADO%20BIENES%20COMUNALES%20DE%20SANTO%20DOMINGO%20COATLAN.PDF?CSF=1&WEB=1&E=NFFS1U', '2,3,4,5,6', 3, 23, 1, 6),
(266, 'SIN FOLIO', 'NO', '2021-03-03', '2023-12-31', 'VIGENTE', 'HTTPS://SNITMX-MY.SHAREPOINT.COM/:B:/R/PERSONAL/VIN_VOAXACA_TECNM_MX/DOCUMENTS/CONVENIOS%20PDF%C2%B4S/CONVENIOS%202021/CONVENIO%20HUAWEI%202021.PDF?CSF=1&WEB=1&E=YFVHO4', '2,6', 13, 185, 1, 6),
(267, '18/GTYV/2021', 'NO', '2021-03-08', '2022-03-08', 'VIGENTE', 'HTTPS://SNITMX-MY.SHAREPOINT.COM/:B:/R/PERSONAL/VIN_VOAXACA_TECNM_MX/DOCUMENTS/CONVENIOS%20PDF%C2%B4S/CONVENIOS%202021/18-2021-CSS-COMISARIADO%20BIENES%20COMUNALES%20DE%20SANTO%20DOMINGO%20COATLAN.PDF?CSF=1&WEB=1&E=GXLHWI', '2,3,4,5,6', 4, 23, 1, 6),
(268, '000/GTYV/2021', 'NO', '2021-03-08', '2022-03-08', 'VIGENTE', 'HTTPS://SNITMX-MY.SHAREPOINT.COM/PERSONAL/VIN_VOAXACA_TECNM_MX/_LAYOUTS/15/ONEDRIVE.ASPX?ID=%2FPERSONAL%2FVIN%5FVOAXACA%5FTECNM%5FMX%2FDOCUMENTS%2FCONVENIOS%20PDF%C2%B4S%2FCONVENIOS%202021', '4', 1, 23, 1, 6),
(269, 'SF/GTYV/2021', 'NO', '2021-03-08', '2025-03-08', 'VIGENTE', 'HTTPS://SNITMX-MY.SHAREPOINT.COM/:B:/R/PERSONAL/VIN_VOAXACA_TECNM_MX/DOCUMENTS/CONVENIOS%20PDF%C2%B4S/CONVENIOS%202021/CARTA%20DE%20INTENCI%C3%B3N%20COLEGIO%20DE%20%20POSTGRADUADOS%20PUEBLA.PDF?CSF=1&WEB=1&E=JK4FQO', '6,2', 14, 25, 1, 6),
(270, '19/GTYV/2021', 'NO', '2021-03-09', '2022-03-09', 'VIGENTE', 'HTTPS://SNITMX-MY.SHAREPOINT.COM/:B:/R/PERSONAL/VIN_VOAXACA_TECNM_MX/DOCUMENTS/CONVENIOS%20PDF%C2%B4S/CONVENIOS%202021/19-2021-CM-%20TELESECUNDARIA%2020DTV11420.PDF?CSF=1&WEB=1&E=J5OEZV', '6,2', 3, 24, 1, 6),
(271, '20/GTYV/2021', 'NO', '2021-03-09', '2022-03-09', 'VIGENTE', 'HTTPS://SNITMX-MY.SHAREPOINT.COM/:B:/R/PERSONAL/VIN_VOAXACA_TECNM_MX/DOCUMENTS/CONVENIOS%20PDF%C2%B4S/CONVENIOS%202021/20-2021-CSS-TELESECUNDARIA%2020DTV11420.PDF?CSF=1&WEB=1&E=0DFWFU', '6,2', 4, 24, 1, 6),
(272, '21/GTYV/2021', 'NO', '2021-03-18', '2021-03-18', 'FINALIZADO', 'HTTPS://SNITMX-MY.SHAREPOINT.COM/:B:/R/PERSONAL/VIN_VOAXACA_TECNM_MX/DOCUMENTS/CONVENIOS%20PDF%C2%B4S/CONVENIOS%202021/21-2021-CD-TECOATL%20ASESORIA%20AMBIENTAL.PDF?CSF=1&WEB=1&E=HC0J10', '5', 5, 13, 1, 6),
(273, 'F-DV-018/R4', 'NO', '2021-05-06', '2024-09-30', 'VIGENTE', 'HTTPS://SNITMX-MY.SHAREPOINT.COM/:B:/R/PERSONAL/VIN_VOAXACA_TECNM_MX/DOCUMENTS/CONVENIOS%20PDF%C2%B4S/CONVENIOS%202021/SF-2021-CM-BIENESTAR%20SEMBRANDOVIDA.PDF?CSF=1&WEB=1&E=AMX47H', '2,3,4,5,6', 3, 26, 1, 20),
(274, '23/GTYV/2021', 'NO', '2021-03-23', '2022-03-23', 'VIGENTE', 'HTTPS://SNITMX-MY.SHAREPOINT.COM/:B:/R/PERSONAL/VIN_VOAXACA_TECNM_MX/DOCUMENTS/CONVENIOS%20PDF%C2%B4S/CONVENIOS%202021/23-2021-CM-INSTITUTO%20OAXAQUE%C3%91O%20DE%20LAS%20ARTESANIAS.PDF?CSF=1&WEB=1&E=ZUCFZB', '6,2', 3, 27, 1, 20),
(275, '24/GTYV/2021', 'NO', '2021-03-23', '2024-03-23', 'VIGENTE', 'HTTPS://SNITMX-MY.SHAREPOINT.COM/:B:/R/PERSONAL/VIN_VOAXACA_TECNM_MX/DOCUMENTS/CONVENIOS%20PDF%C2%B4S/CONVENIOS%202021/24-2021-CR-INSTITUTO%20OAXAQUE%C3%91O%20DE%20LAS%20ARTESANIAS.PDF?CSF=1&WEB=1&E=KTJUSX', '6,2', 1, 27, 1, 20),
(276, '25/GTYV/2021', 'NO', '2021-03-24', '2024-03-24', 'VIGENTE', 'HTTPS://SNITMX-MY.SHAREPOINT.COM/:B:/R/PERSONAL/VIN_VOAXACA_TECNM_MX/DOCUMENTS/CONVENIOS%20PDF%C2%B4S/CONVENIOS%202021/025-2021-CM-INSTITUTO%20DE%20CAPACITACION%20TECNOLOGICA%20APIS%20SC.PDF?CSF=1&WEB=1&E=TBPLH8', '6,2', 3, 28, 1, 6),
(277, '26/GTYV/2021', 'NO', '2021-03-24', '2024-03-24', 'VIGENTE', 'HTTPS://SNITMX-MY.SHAREPOINT.COM/:B:/R/PERSONAL/VIN_VOAXACA_TECNM_MX/DOCUMENTS/CONVENIOS%20PDF%C2%B4S/CONVENIOS%202021/026-2021-CR-INSTITUTO%20DE%20CAPACITACION%20TECNOLOGICA%20APIS%20SC.PDF?CSF=1&WEB=1&E=DSLFL3', '6,2', 1, 28, 1, 6),
(278, '30/GTYV/2021', 'NO', '2021-06-10', '2024-06-10', 'VIGENTE', 'HTTPS://SNITMX-MY.SHAREPOINT.COM/:B:/R/PERSONAL/VIN_VOAXACA_TECNM_MX/DOCUMENTS/CONVENIOS%20PDF%C2%B4S/CONVENIOS%202021/030-CONVENIO%20MARCO-%20IDIOMAS%20-UABJO.PDF?CSF=1&WEB=1&E=8IVIWZ', '6,2', 3, 29, 1, 20),
(279, 'SIN FOLIO', 'NO', '2021-05-06', '2024-11-30', 'VIGENTE', 'HTTPS://SNITMX-MY.SHAREPOINT.COM/PERSONAL/VIN_VOAXACA_TECNM_MX/_LAYOUTS/15/ONEDRIVE.ASPX?ID=%2FPERSONAL%2FVIN%5FVOAXACA%5FTECNM%5FMX%2FDOCUMENTS%2FCONVENIOS%20PDF%C2%B4S%2FCONVENIOS%202021', '2,3,4,5,6', 3, 31, 1, 6),
(280, '31/GTYV/2021', 'NO', '2021-05-11', '2024-05-11', 'VIGENTE', 'HTTPS://SNITMX-MY.SHAREPOINT.COM/:B:/R/PERSONAL/VIN_VOAXACA_TECNM_MX/DOCUMENTS/CONVENIOS%20PDF%C2%B4S/CONVENIOS%202021/031-2021-CM-LOS%20OCOTALES.PDF?CSF=1&WEB=1&E=SZ6MO2', '4,3', 3, 32, 1, 6),
(281, '32/GTYV/2021', 'NO', '2021-05-12', '2024-05-12', 'VIGENTE', 'HTTPS://SNITMX-MY.SHAREPOINT.COM/:B:/R/PERSONAL/VIN_VOAXACA_TECNM_MX/DOCUMENTS/CONVENIOS%20PDF%C2%B4S/CONVENIOS%202021/032-2021-CR-LOS%20OCOTALES.PDF?CSF=1&WEB=1&E=NE1CON', '4,3', 1, 32, 1, 6),
(282, '37/GTYV/2021', 'NO', '2021-06-10', '2023-06-10', 'VIGENTE', 'HTTPS://SNITMX-MY.SHAREPOINT.COM/:B:/R/PERSONAL/VIN_VOAXACA_TECNM_MX/DOCUMENTS/CONVENIOS%20PDF%C2%B4S/CONVENIOS%202021/037-CONVENIO%20ESPECIFICO-%20IDIOMAS%20UABJO.PDF?CSF=1&WEB=1&E=QFUXRW', '6,2', 15, 29, 1, 20),
(283, '38/GTYV/2021', 'NO', '2021-05-28', '2022-05-28', 'VIGENTE', 'HTTPS://SNITMX-MY.SHAREPOINT.COM/:B:/R/PERSONAL/VIN_VOAXACA_TECNM_MX/DOCUMENTS/CONVENIOS%20PDF%C2%B4S/CONVENIOS%202021/38-CM-2021.PDF?CSF=1&WEB=1&E=CSPGA1', '6,2', 3, 33, 1, 20),
(284, '39/GTYV/2021', 'NO', '2021-05-28', '2022-05-28', 'VIGENTE', 'HTTPS://SNITMX-MY.SHAREPOINT.COM/:B:/R/PERSONAL/VIN_VOAXACA_TECNM_MX/DOCUMENTS/CONVENIOS%20PDF%C2%B4S/CONVENIOS%202021/39-2021-CSS.PDF?CSF=1&WEB=1&E=OYRLRF', '6,2', 4, 33, 1, 20),
(285, '40/GTYV/2021', 'NO', '2021-08-30', '2024-08-30', 'VIGENTE', 'HTTPS://SNITMX-MY.SHAREPOINT.COM/:B:/R/PERSONAL/VIN_VOAXACA_TECNM_MX/DOCUMENTS/CONVENIOS%20PDF%C2%B4S/CONVENIOS%202021/40-CM-2021.PDF?CSF=1&WEB=1&E=ROVVXE', '2,3,4,5,6', 3, 34, 1, 6),
(286, '41/GTYV/2021', 'NO', '2021-08-30', '2024-08-30', 'VIGENTE', 'HTTPS://SNITMX-MY.SHAREPOINT.COM/:B:/R/PERSONAL/VIN_VOAXACA_TECNM_MX/DOCUMENTS/CONVENIOS%20PDF%C2%B4S/CONVENIOS%202021/41-CR-2021.PDF?CSF=1&WEB=1&E=FBIJMF', '2,3,4,5,6', 1, 34, 1, 6),
(287, 'SIN FOLIO', 'NO', '2021-03-08', '2025-03-08', 'VIGENTE', 'HTTPS://SNITMX-MY.SHAREPOINT.COM/:B:/R/PERSONAL/VIN_VOAXACA_TECNM_MX/DOCUMENTS/CONVENIOS%20PDF%C2%B4S/CONVENIOS%202021/CARTA%20INTENCIO%CC%81N%20ITVO-FMVZ%20UABJO.PDF?CSF=1&WEB=1&E=EROP6Y', '6,2', 14, 16, 1, 20),
(288, 'SF/GTYV/2021', 'NO', '2021-04-12', '2024-04-12', 'VIGENTE', 'HTTPS://SNITMX-MY.SHAREPOINT.COM/:B:/R/PERSONAL/VIN_VOAXACA_TECNM_MX/DOCUMENTS/CONVENIOS%20PDF%C2%B4S/CONVENIOS%202021/SF-2021-CM-FMVZ-UABJO.PDF?CSF=1&WEB=1&E=YNH2HK', '6,2', 3, 16, 1, 20),
(289, 'ECOSUR/G/058/CHE/2021', 'NO', '2021-08-12', '2026-08-12', 'VIGENTE', 'HTTPS://SNITMX-MY.SHAREPOINT.COM/:B:/R/PERSONAL/VIN_VOAXACA_TECNM_MX/DOCUMENTS/CONVENIOS%20PDF%C2%B4S/CONVENIOS%202021/EL%20COLEGIO%20DE%20LA%20FRONTERA%20SUR.PDF?CSF=1&WEB=1&E=4SWPGH', '6,2', 3, 35, 1, 20),
(290, '44/GTYV/2021', 'NO', '2021-09-23', '2024-09-23', 'VIGENTE', 'HTTPS://SNITMX-MY.SHAREPOINT.COM/:B:/R/PERSONAL/VIN_VOAXACA_TECNM_MX/DOCUMENTS/CONVENIOS%20PDF%C2%B4S/CONVENIOS%202021/44-CM-2021-ITSTE.PDF?CSF=1&WEB=1&E=FHQU5Q', '6,2', 3, 36, 1, 18),
(291, '45/GTYV/2021', 'NO', '2021-08-26', '2024-08-26', 'VIGENTE', 'HTTPS://SNITMX-MY.SHAREPOINT.COM/:B:/R/PERSONAL/VIN_VOAXACA_TECNM_MX/DOCUMENTS/CONVENIOS%20PDF%C2%B4S/CONVENIOS%202021/45-CM-2021.PDF?CSF=1&WEB=1&E=TBDEVM', '2,3,4,5,6', 3, 37, 1, 20),
(292, '46/GTYV/2021', 'NO', '2021-08-26', '2024-08-26', 'VIGENTE', 'HTTPS://SNITMX-MY.SHAREPOINT.COM/:B:/R/PERSONAL/VIN_VOAXACA_TECNM_MX/DOCUMENTS/CONVENIOS%20PDF%C2%B4S/CONVENIOS%202021/46-CR-2021.PDF?CSF=1&WEB=1&E=DQLP9F', '2,3,4,5,6', 1, 37, 1, 20),
(293, '49/GTYV/2021', 'NO', '2021-09-09', '2024-09-09', 'VIGENTE', 'HTTPS://SNITMX-MY.SHAREPOINT.COM/:B:/R/PERSONAL/VIN_VOAXACA_TECNM_MX/DOCUMENTS/CONVENIOS%20PDF%C2%B4S/CONVENIOS%202021/49-CM-2021-GUIBLAMAR.PDF?CSF=1&WEB=1&E=JHQYXV', '3,4', 3, 38, 1, 6),
(294, '50/GTYV/2021', 'NO', '2021-09-09', '2024-09-09', 'VIGENTE', 'HTTPS://SNITMX-MY.SHAREPOINT.COM/:B:/R/PERSONAL/VIN_VOAXACA_TECNM_MX/DOCUMENTS/CONVENIOS%20PDF%C2%B4S/CONVENIOS%202021/50-CR-2021.PDF?CSF=1&WEB=1&E=SGDE9G', '3,4', 1, 38, 1, 6),
(295, '47/GTYV/2021', 'NO', '2021-10-04', '2023-10-04', 'VIGENTE', 'HTTPS://SNITMX-MY.SHAREPOINT.COM/:B:/R/PERSONAL/VIN_VOAXACA_TECNM_MX/DOCUMENTS/CONVENIOS%20PDF%C2%B4S/CONVENIOS%202021/047-CM-2021.PDF?CSF=1&WEB=1&E=8ZJWGW', '6,2,5', 3, 11, 1, 20),
(296, '48/GTYV/2021', 'NO', '2021-10-04', '2023-10-04', 'VIGENTE', 'HTTPS://SNITMX-MY.SHAREPOINT.COM/:B:/R/PERSONAL/VIN_VOAXACA_TECNM_MX/DOCUMENTS/CONVENIOS%20PDF%C2%B4S/CONVENIOS%202021/047-CR-2021.PDF?CSF=1&WEB=1&E=YQYKKU', '6,2,5', 1, 11, 1, 20),
(297, '55/GTYV/2021', 'NO', '2021-11-03', '2022-11-03', 'VIGENTE', 'HTTPS://SNITMX-MY.SHAREPOINT.COM/:B:/R/PERSONAL/VIN_VOAXACA_TECNM_MX/DOCUMENTS/CONVENIOS%20PDF%C2%B4S/CONVENIOS%202021/055-CM-2021.PDF?CSF=1&WEB=1&E=ZGO8MF', '2,3,4,5,6', 3, 12, 1, 20),
(298, '58/GTYV/2021', 'NO', '2021-10-14', '2024-10-14', 'VIGENTE', 'HTTPS://SNITMX-MY.SHAREPOINT.COM/:B:/R/PERSONAL/VIN_VOAXACA_TECNM_MX/DOCUMENTS/CONVENIOS%20PDF%C2%B4S/CONVENIOS%202021/058-CM-2021-FILATELIA.PDF?CSF=1&WEB=1&E=71RMEG', '6,2', 3, 10, 1, 20),
(299, '59/GTYV/2021', 'NO', '2021-10-14', '2024-10-14', 'VIGENTE', 'HTTPS://SNITMX-MY.SHAREPOINT.COM/:B:/R/PERSONAL/VIN_VOAXACA_TECNM_MX/DOCUMENTS/CONVENIOS%20PDF%C2%B4S/CONVENIOS%202021/059-CR-2021-FILATELIA.PDF?CSF=1&WEB=1&E=Y1PMPA', '6,2', 1, 10, 1, 20),
(300, '60/GTYV/2021', 'NO', '2021-10-14', '2024-10-14', 'VIGENTE', 'HTTPS://SNITMX-MY.SHAREPOINT.COM/:B:/R/PERSONAL/VIN_VOAXACA_TECNM_MX/DOCUMENTS/CONVENIOS%20PDF%C2%B4S/CONVENIOS%202021/060-CSS-2021-FILATELIA.PDF?CSF=1&WEB=1&E=D7IRIR', '6,2', 4, 10, 1, 20),
(301, '64/GTYV/2021', 'NO', '2021-10-29', '2024-10-29', 'VIGENTE', 'HTTPS://SNITMX-MY.SHAREPOINT.COM/:B:/R/PERSONAL/VIN_VOAXACA_TECNM_MX/DOCUMENTS/CONVENIOS%20PDF%C2%B4S/CONVENIOS%202021/064-CM-2021.PDF?CSF=1&WEB=1&E=AQLRJH', '5', 3, 13, 1, 6),
(302, '65/GTYV/2021', 'NO', '2021-10-29', '2024-10-29', 'VIGENTE', 'HTTPS://SNITMX-MY.SHAREPOINT.COM/:B:/R/PERSONAL/VIN_VOAXACA_TECNM_MX/DOCUMENTS/CONVENIOS%20PDF%C2%B4S/CONVENIOS%202021/065-CR-2021.PDF?CSF=1&WEB=1&E=DZ3Q4Q', '5', 1, 13, 1, 6),
(303, '68/GTYV/2021', 'NO', '2021-11-01', '2024-11-01', 'VIGENTE', 'HTTPS://SNITMX-MY.SHAREPOINT.COM/:B:/R/PERSONAL/VIN_VOAXACA_TECNM_MX/DOCUMENTS/CONVENIOS%20PDF%C2%B4S/CONVENIOS%202021/068-CM-2021.PDF?CSF=1&WEB=1&E=VOWKO8', '2,3,4,5,6', 3, 12, 1, 20),
(304, '69/GTYV/2021', 'NO', '2021-12-02', '2024-12-02', 'VIGENTE', 'HTTPS://SNITMX-MY.SHAREPOINT.COM/:B:/R/PERSONAL/VIN_VOAXACA_TECNM_MX/DOCUMENTS/CONVENIOS%20PDF%C2%B4S/CONVENIOS%202021/69-CM-2021.PDF?CSF=1&WEB=1&E=JDEMXL', '6,2', 3, 40, 1, 6),
(305, '70/GTYV/2021', 'NO', '2021-12-02', '2024-12-02', 'VIGENTE', 'HTTPS://SNITMX-MY.SHAREPOINT.COM/:B:/R/PERSONAL/VIN_VOAXACA_TECNM_MX/DOCUMENTS/CONVENIOS%20PDF%C2%B4S/CONVENIOS%202021/70-CR-2021.PDF?CSF=1&WEB=1&E=A1KZAM', '6,2', 1, 40, 1, 6),
(306, 'SIN FOLIO', 'SI', '2021-12-06', NULL, 'VIGENTE', 'HTTPS://SNITMX-MY.SHAREPOINT.COM/:B:/R/PERSONAL/VIN_VOAXACA_TECNM_MX/DOCUMENTS/CONVENIOS%20PDF%C2%B4S/CONVENIOS%202018/LA%20DIRECCION%20REGIONAL%20SUR%20DEL%20INSTITUTO%20NACIONAL%20E%20ESTAD%C3%ADSTICA.PDF?CSF=1&WEB=1&E=PJY2LM', '3', 12, 21, 1, 28),
(307, '12/GTYV/2021', 'SI', '2021-12-01', NULL, 'VIGENTE', 'HTTPS://SNITMX-MY.SHAREPOINT.COM/:B:/R/PERSONAL/VIN_VOAXACA_TECNM_MX/DOCUMENTS/CONVENIOS%20PDF%C2%B4S/CONVENIOS%202018/LA%20DIRECCION%20REGIONAL%20SUR%20DEL%20INSTITUTO%20NACIONAL%20E%20ESTAD%C3%ADSTICA.PDF?CSF=1&WEB=1&E=PJY2LM', '6', 11, 24, 1, 23),
(308, '08/GTYV/2021', 'SI', '2021-12-24', NULL, 'VIGENTE', 'HTTPS://SNITMX-MY.SHAREPOINT.COM/:B:/R/PERSONAL/VIN_VOAXACA_TECNM_MX/DOCUMENTS/CONVENIOS%20PDF%C2%B4S/CONVENIOS%202018/LA%20DIRECCION%20REGIONAL%20SUR%20DEL%20INSTITUTO%20NACIONAL%20E%20ESTAD%C3%ADSTICA.PDF?CSF=1&WEB=1&E=PJY2LM', '2,3,4,5,6', 9, 23, 1, 16),
(309, 'SIN FOLIO', 'SI', '2021-12-03', NULL, 'VIGENTE', 'HTTPS://SNITMX-MY.SHAREPOINT.COM/:B:/R/PERSONAL/VIN_VOAXACA_TECNM_MX/DOCUMENTS/CONVENIOS%20PDF%C2%B4S/CONVENIOS%202018/LA%20DIRECCION%20REGIONAL%20SUR%20DEL%20INSTITUTO%20NACIONAL%20E%20ESTAD%C3%ADSTICA.PDF?CSF=1&WEB=1&E=PJY2LM', '6', 4, 23, 1, 23),
(310, 'SIN FOLIO', 'SI', '2021-12-08', NULL, 'FINALIZADO', 'HTTPS://SNITMX-MY.SHAREPOINT.COM/:B:/R/PERSONAL/VIN_VOAXACA_TECNM_MX/DOCUMENTS/CONVENIOS%20PDF%C2%B4S/CONVENIOS%202018/LA%20DIRECCION%20REGIONAL%20SUR%20DEL%20INSTITUTO%20NACIONAL%20E%20ESTAD%C3%ADSTICA.PDF?CSF=1&WEB=1&E=PJY2LM', '2', 7, 22, 1, 24),
(311, '08/GTYV/2021', 'SI', '2021-12-18', NULL, 'VIGENTE', 'HTTPS://SNITMX-MY.SHAREPOINT.COM/:B:/R/PERSONAL/VIN_VOAXACA_TECNM_MX/DOCUMENTS/CONVENIOS%20PDF%C2%B4S/CONVENIOS%202018/LA%20DIRECCION%20REGIONAL%20SUR%20DEL%20INSTITUTO%20NACIONAL%20E%20ESTAD%C3%ADSTICA.PDF?CSF=1&WEB=1&E=PJY2LM', '3', 4, 22, 1, 22),
(312, '08/GTYV/2021', 'SI', '2021-12-22', NULL, 'VIGENTE', 'HTTPS://SNITMX-MY.SHAREPOINT.COM/:B:/R/PERSONAL/VIN_VOAXACA_TECNM_MX/DOCUMENTS/CONVENIOS%20PDF%C2%B4S/CONVENIOS%202018/LA%20DIRECCION%20REGIONAL%20SUR%20DEL%20INSTITUTO%20NACIONAL%20E%20ESTAD%C3%ADSTICA.PDF?CSF=1&WEB=1&E=PJY2LM', '3', 1, 23, 1, 23),
(313, '03/GTYV/2021', 'SI', '2021-12-02', NULL, 'VIGENTE', 'HTTPS://SNITMX-MY.SHAREPOINT.COM/:B:/R/PERSONAL/VIN_VOAXACA_TECNM_MX/DOCUMENTS/CONVENIOS%20PDF%C2%B4S/CONVENIOS%202018/LA%20DIRECCION%20REGIONAL%20SUR%20DEL%20INSTITUTO%20NACIONAL%20E%20ESTAD%C3%ADSTICA.PDF?CSF=1&WEB=1&E=PJY2LM', '4', 9, 26, 1, 24),
(314, '12/GTYV/2021', 'SI', '2021-12-27', NULL, 'CANCELADO', 'HTTPS://SNITMX-MY.SHAREPOINT.COM/:B:/R/PERSONAL/VIN_VOAXACA_TECNM_MX/DOCUMENTS/CONVENIOS%20PDF%C2%B4S/CONVENIOS%202018/LA%20DIRECCION%20REGIONAL%20SUR%20DEL%20INSTITUTO%20NACIONAL%20E%20ESTAD%C3%ADSTICA.PDF?CSF=1&WEB=1&E=PJY2LM', '3', 4, 22, 1, 25),
(315, '12/GTYV/2021', 'SI', '2021-12-02', NULL, 'CANCELADO', 'HTTPS://SNITMX-MY.SHAREPOINT.COM/:B:/R/PERSONAL/VIN_VOAXACA_TECNM_MX/DOCUMENTS/CONVENIOS%20PDF%C2%B4S/CONVENIOS%202018/LA%20DIRECCION%20REGIONAL%20SUR%20DEL%20INSTITUTO%20NACIONAL%20E%20ESTAD%C3%ADSTICA.PDF?CSF=1&WEB=1&E=PJY2LM', '3', 13, 25, 1, 23),
(316, '12/GTYV/2021', 'SI', '2021-12-14', NULL, 'FINALIZADO', 'HTTPS://SNITMX-MY.SHAREPOINT.COM/PERSONAL/VIN_VOAXACA_TECNM_MX/_LAYOUTS/15/ONEDRIVE.ASPX?ID=%2FPERSONAL%2FVIN%5FVOAXACA%5FTECNM%5FMX%2FDOCUMENTS%2FCONVENIOS%20PDF%C2%B4S%2FCONVENIOS%202017', '6', 10, 24, 1, 20),
(317, '08/GTYV/2021', 'SI', '2021-12-17', NULL, 'VIGENTE', 'HTTPS://SNITMX-MY.SHAREPOINT.COM/:B:/R/PERSONAL/VIN_VOAXACA_TECNM_MX/DOCUMENTS/CONVENIOS%20PDF%C2%B4S/CONVENIOS%202021/12-2021-CSS-COESFO.PDF?CSF=1&WEB=1&E=JBEX3U', '5', 15, 27, 1, 6),
(318, '01/GTYV/2021', 'SI', '2021-12-17', NULL, 'CANCELADO', 'HTTPS://SNITMX-MY.SHAREPOINT.COM/PERSONAL/VIN_VOAXACA_TECNM_MX/_LAYOUTS/15/ONEDRIVE.ASPX?ID=%2FPERSONAL%2FVIN%5FVOAXACA%5FTECNM%5FMX%2FDOCUMENTS%2FCONVENIOS%20PDF%C2%B4S%2FCONVENIOS%202019', '4', 5, 24, 1, 23),
(319, '12/GTYV/2021', 'SI', '2021-12-16', NULL, 'FINALIZADO', 'HTTPS://SNITMX-MY.SHAREPOINT.COM/PERSONAL/VIN_VOAXACA_TECNM_MX/_LAYOUTS/15/ONEDRIVE.ASPX?ID=%2FPERSONAL%2FVIN%5FVOAXACA%5FTECNM%5FMX%2FDOCUMENTS%2FCONVENIOS%20PDF%C2%B4S%2FCONVENIOS%202017', '3', 4, 27, 1, 23),
(320, 'SIN FOLIO', 'SI', '2022-01-04', NULL, 'VIGENTE', 'HTTPS://SNITMX-MY.SHAREPOINT.COM/PERSONAL/VIN_VOAXACA_TECNM_MX/_LAYOUTS/15/ONEDRIVE.ASPX?ID=%2FPERSONAL%2FVIN%5FVOAXACA%5FTECNM%5FMX%2FDOCUMENTS%2FCONVENIOS%20PDF%C2%B4S%2FCONVENIOS%202019', '3', 4, 22, 1, 27),
(321, '01/GTYV/2021', 'SI', '2021-12-13', NULL, 'FINALIZADO', 'HTTPS://SNITMX-MY.SHAREPOINT.COM/PERSONAL/VIN_VOAXACA_TECNM_MX/_LAYOUTS/15/ONEDRIVE.ASPX?ID=%2FPERSONAL%2FVIN%5FVOAXACA%5FTECNM%5FMX%2FDOCUMENTS%2FCONVENIOS%20PDF%C2%B4S%2FCONVENIOS%202021', '3', 10, 25, 1, 13),
(322, '12/GTYV/2021', 'SI', '2021-12-21', NULL, 'VIGENTE', 'HTTPS://SNITMX-MY.SHAREPOINT.COM/PERSONAL/VIN_VOAXACA_TECNM_MX/_LAYOUTS/15/ONEDRIVE.ASPX?ID=%2FPERSONAL%2FVIN%5FVOAXACA%5FTECNM%5FMX%2FDOCUMENTS%2FCONVENIOS%20PDF%C2%B4S%2FCONVENIOS%202019', '4', 3, 21, 1, 21),
(323, '03/GTYV/2021', 'SI', '2021-12-30', NULL, 'VIGENTE', 'HTTPS://SNITMX-MY.SHAREPOINT.COM/PERSONAL/VIN_VOAXACA_TECNM_MX/_LAYOUTS/15/ONEDRIVE.ASPX?ID=%2FPERSONAL%2FVIN%5FVOAXACA%5FTECNM%5FMX%2FDOCUMENTS%2FCONVENIOS%20PDF%C2%B4S%2FCONVENIOS%202019', '4', 7, 26, 1, 23),
(324, '03/GTYV/2021', 'SI', '2021-12-23', NULL, 'FINALIZADO', 'HTTPS://SNITMX-MY.SHAREPOINT.COM/:B:/R/PERSONAL/VIN_VOAXACA_TECNM_MX/DOCUMENTS/CONVENIOS%20PDF%C2%B4S/CONVENIOS%202021/12-2021-CSS-COESFO.PDF?CSF=1&WEB=1&E=JBEX3U', '3', 5, 24, 1, 21),
(325, '12/GTYV/2021', 'SI', '2021-12-28', NULL, 'FINALIZADO', 'HTTPS://SNITMX-MY.SHAREPOINT.COM/PERSONAL/VIN_VOAXACA_TECNM_MX/_LAYOUTS/15/ONEDRIVE.ASPX?ID=%2FPERSONAL%2FVIN%5FVOAXACA%5FTECNM%5FMX%2FDOCUMENTS%2FCONVENIOS%20PDF%C2%B4S%2FCONVENIOS%202017', '3', 7, 18, 1, 21),
(326, '08/GTYV/2021', 'SI', '2021-12-19', NULL, 'FINALIZADO', 'HTTPS://SNITMX-MY.SHAREPOINT.COM/PERSONAL/VIN_VOAXACA_TECNM_MX/_LAYOUTS/15/ONEDRIVE.ASPX?ID=%2FPERSONAL%2FVIN%5FVOAXACA%5FTECNM%5FMX%2FDOCUMENTS%2FCONVENIOS%20PDF%C2%B4S%2FCONVENIOS%202018', '6', 8, 16, 1, 11),
(327, '01/GTYV/2021', 'SI', '2021-12-08', NULL, 'CANCELADO', 'HTTPS://SNITMX-MY.SHAREPOINT.COM/:B:/R/PERSONAL/VIN_VOAXACA_TECNM_MX/DOCUMENTS/CONVENIOS%20PDF%C2%B4S/CONVENIOS%202021/12-2021-CSS-COESFO.PDF?CSF=1&WEB=1&E=JBEX3U', '6', 7, 23, 1, 21),
(328, '03/GTYV/2021', 'SI', '2021-12-17', NULL, 'VIGENTE', 'HTTPS://SNITMX-MY.SHAREPOINT.COM/PERSONAL/VIN_VOAXACA_TECNM_MX/_LAYOUTS/15/ONEDRIVE.ASPX?ID=%2FPERSONAL%2FVIN%5FVOAXACA%5FTECNM%5FMX%2FDOCUMENTS%2FCONVENIOS%20PDF%C2%B4S%2FCONVENIOS%202019', '3', 4, 23, 1, 24),
(329, '08/GTYV/2021', 'SI', '2021-12-12', NULL, 'FINALIZADO', 'HTTPS://SNITMX-MY.SHAREPOINT.COM/PERSONAL/VIN_VOAXACA_TECNM_MX/_LAYOUTS/15/ONEDRIVE.ASPX?ID=%2FPERSONAL%2FVIN%5FVOAXACA%5FTECNM%5FMX%2FDOCUMENTS%2FCONVENIOS%20PDF%C2%B4S%2FCONVENIOS%202019', '4', 8, 25, 1, 11);

-- --------------------------------------------------------

--
-- Estructura de tabla para la tabla `failed_jobs`
--

CREATE TABLE `failed_jobs` (
  `id` bigint(20) UNSIGNED NOT NULL,
  `uuid` varchar(255) COLLATE utf8mb4_unicode_ci NOT NULL,
  `connection` text COLLATE utf8mb4_unicode_ci NOT NULL,
  `queue` text COLLATE utf8mb4_unicode_ci NOT NULL,
  `payload` longtext COLLATE utf8mb4_unicode_ci NOT NULL,
  `exception` longtext COLLATE utf8mb4_unicode_ci NOT NULL,
  `failed_at` timestamp NOT NULL DEFAULT current_timestamp()
) ENGINE=InnoDB DEFAULT CHARSET=utf8mb4 COLLATE=utf8mb4_unicode_ci;

-- --------------------------------------------------------

--
-- Estructura de tabla para la tabla `flights`
--

CREATE TABLE `flights` (
  `id` bigint(20) UNSIGNED NOT NULL,
  `created_at` timestamp NULL DEFAULT NULL,
  `updated_at` timestamp NULL DEFAULT NULL
) ENGINE=InnoDB DEFAULT CHARSET=utf8mb4 COLLATE=utf8mb4_unicode_ci;

-- --------------------------------------------------------

--
-- Estructura de tabla para la tabla `giro`
--

CREATE TABLE `giro` (
  `idGiro` int(11) NOT NULL,
  `nomGiro` varchar(100) NOT NULL
) ENGINE=InnoDB DEFAULT CHARSET=utf8mb4;

--
-- Volcado de datos para la tabla `giro`
--

INSERT INTO `giro` (`idGiro`, `nomGiro`) VALUES
(1, 'EMPRESAS DEL SECTOR PRIMARIO'),
(2, 'EMPRESAS DEL SECTOR SECUNDARIO'),
(3, 'EMPRESAS DEL SECTOR TERCIARIO O DE SERVICIOS');

-- --------------------------------------------------------

--
-- Estructura de tabla para la tabla `indicador`
--

CREATE TABLE `indicador` (
  `idIndicador` int(11) NOT NULL,
  `nombre` varchar(100) NOT NULL,
  `descripcion` varchar(255) NOT NULL
) ENGINE=InnoDB DEFAULT CHARSET=utf8mb4;

--
-- Volcado de datos para la tabla `indicador`
--

INSERT INTO `indicador` (`idIndicador`, `nombre`, `descripcion`) VALUES
(5, 'REUNIONES DE TRABAJO', 'REALIZAR REUNIONES DE TRABAJO QUE CONTRIBUYAN A LA SOLUCIÓN DE PROBLEMAS REGIONALES Y NACIONALES.'),
(6, 'FIRMAS CONVENIO CON OTRAS IES.', 'FIRMAR CONVENIO O ACUERDOS DE COOPERACIÓN CON OTRAS IES NACIONALES O INTERNACIONALES.'),
(10, 'ESTABLECER CONVENIOS', 'ESTABLECER LOS CONVENIOS DE COLABORACIÓN CON ESQUEMAS DE INVERSIÓN EN PROYECTOS DE CIENCIA, TECNOLOGÍA E INNOVACIÓN.'),
(11, 'PROPONER ESQUEMAS', 'PROPONER ESQUEMAS DE INVERSIÓN PARA ESTABLECER PROYECTOS DE CIENCIA, TECNOLOGÍA E INNOVACIÓN EN LAS REGIONES DEL ESTADO.'),
(12, 'PARTICIPAR EN ESQUEMAS', 'PARTICIPAR EN ESQUEMAS DE INVERSIÓN EN PROYECTOS DE CIENCIA, TECNOLOGÍA E INNOVACIÓN EN EL SECTOR REGIONAL.'),
(13, 'FIRMAR CONEVENIOS PARA EL APROVECHAMIENTO', 'FIRMAR CONVENIOS PARA EL APROVECHAMIENTO INTERINSTITUCIONAL DE LAS INSTALACIONES.'),
(14, 'ESQUEMAS DE CONVENIO USO COMPARTIDO', 'PROPONER ESQUEMAS DE CONVENIOS PARA EL USO COMPARTIDO DE LAS INSTALACIONES PARA LAS ACTIVIDADES CIENTÍFICAS, TECNOLÓGICAS Y DE INNOVACIÓN.'),
(15, 'CONSEJO DE VINCULACIÓN', 'MANTENER EL CONSEJO DE VINCULACIÓN.'),
(16, 'REALIZAR REUNIONES', 'REALIZAR REUNIONES ORDINARIAS DEL CONSEJO DE VINCULACIÓN.'),
(17, 'MECANISMOS DE VINCULACION', 'ESTABLECER MECANISMOS DE VINCULACIÓN CON LOS DIFERENTES SECTORES DE LA INICIATIVA PRIVADA.'),
(18, 'ACUERDO DE COOPERACIÓN', 'FIRMAR CONVENIO O ACUERDO DE COOPERACIÓN ENTRE INSTITUTOS TECNOLÓGICOS O CENTROS ADSCRITOS AL TECNM.'),
(19, 'SOLUCIÓN DE PROBLEMAS.', 'REALIZAR REUNIONES DE TRABAJO QUE CONTRIBUYAN A LA SOLUCIÓN DE PROBLEMAS REGIONALES Y NACIONALES.'),
(20, 'CONTRATOS DE VINCULACIÓN. ', 'FIRMAR CONVENIOS O CONTRATOS DE VINCULACIÓN CON LOS SECTORES PÚBLICO, SOCIAL Y PRIVADO.'),
(21, 'PROPONER ESQUEMAS DE CONVENIOS.', 'PROPONER ESQUEMAS DE CONVENIOS O CONTRATOS CON LOS SECTORES PÚBLICO, SOCIAL Y PRIVADO EN LAS REGIONES DEL ESTADO.'),
(22, 'SELECCIÓN DE INSTANCIAS', 'SELECCIONAR INSTANCIAS PARA QUE PARTICIPEN EN ESQUEMAS DE CONVENIOS O CONTRATOS DE VINCULACIÓN DE LOS DIFERENTES SECTORES.'),
(23, 'REGISTRO DE PROPIEDAD INTELECTUAL.', 'REGISTRAR PROPIEDAD INTELECTUAL O MARCA REGISTRADA.'),
(24, 'PROMOCIÓN DE PROTECCIÓN A LA PROPIEDAD INTELECTUAL.', 'CURSO, TALLER O PLÁTICAS PARA LA PROMOCIÓN DE LA PROTECCIÓN DE LA PROPIEDAD INTELECTUAL.'),
(25, 'EMPRESAS INCUBADAS.', 'GENERAR EMPRESAS INCUBADAS POR EL CIIE DEL INSTITUTO.'),
(26, 'SERVICIOS ESPECIALIZADOS.', 'PROMOVER LOS SERVICIOS ESPECIALIZADOS QUE OFRECE EL CIIE.'),
(27, 'FORTALECIMIENTO DE LA INCUBACIÓN.', 'CURSO, TALLER O PLÁTICAS PARA EL FORTALECIMIENTO DE LA INCUBACIÓN DE EMPRESAS.'),
(28, 'ENCUESTA A EGRESADOS.', 'APLICAR ENCUESTA A EGRESADOS DEL INSTITUTO.'),
(29, 'ENCUENTRO DE EGRESADOS Y EMPLEADORES.', 'REALIZAR EL ENCUENTRO DE EGRESADOS Y EMPLEADORES.'),
(30, 'SEGUIMIENTO DE LAS ESTADÍSTICAS DE EGRESADOS.', 'REPORTAR EL SEGUIMIENTO DE LAS ESTADÍSTICAS DE EGRESADOS.'),
(31, 'PROMOVER LA PARTICIPACIÓN.', 'PROMOVER LA PARTICIPACIÓN DE ESTUDIANTES Y DOCENTES EN PROYECTOS DE EMPRENDIMIENTO CON ENFOQUE EN LA INNOVACIÓN Y SUSTENTABILIDAD.'),
(32, 'FORTALECIMIENTO DEL EMPRENDIMIENTO. ', 'CURSOS, TALLERES, PLÁTICAS PARA EL FORTALECIMIENTO DEL EMPRENDIMIENTO CON ENFOQUE EN LA INNOVACIÓN Y SUSTENTABILIDAD.'),
(33, 'PARTICIPACIÓN EN CONCURSOS.', 'PARTICIPACIÓN EN CONCURSOS O CONVOCATORIAS DE EMPRENDIMIENTO.');

-- --------------------------------------------------------

--
-- Estructura de tabla para la tabla `instancia`
--

CREATE TABLE `instancia` (
  `idInstancia` int(11) NOT NULL,
  `nombre` varchar(255) NOT NULL,
  `responsable` varchar(100) NOT NULL,
  `email` varchar(100) DEFAULT NULL,
  `telefono` varchar(100) DEFAULT NULL,
  `idGiro` int(11) DEFAULT NULL,
  `idSector` int(11) DEFAULT NULL,
  `idTipoSec` int(11) DEFAULT NULL,
  `idTamanio` int(11) DEFAULT NULL,
  `idAreaC` int(11) DEFAULT NULL,
  `idAlcance` int(11) NOT NULL
) ENGINE=InnoDB DEFAULT CHARSET=utf8mb4;

--
-- Volcado de datos para la tabla `instancia`
--

INSERT INTO `instancia` (`idInstancia`, `nombre`, `responsable`, `email`, `telefono`, `idGiro`, `idSector`, `idTipoSec`, `idTamanio`, `idAreaC`, `idAlcance`) VALUES
(10, 'MUSEO DE LA FILATELIA DE OAXACA A.C', 'SIN RESPONSABLE', 'DIFUSION@MUFI.ORG.MX', '(951) 514 2366 / 514 2375', 3, 1, 5, 2, 1, 2),
(11, 'INNOVACCIÓN TECNOLÓGICA APLICADA A LAS GEOCIENCIAS, ACADEMIA DE INVESTIGACIÓN A.C.', 'DOCTOR ALFREDO ORGEL ROMERO', NULL, NULL, 3, 1, 8, NULL, 3, 2),
(12, 'COLEGIO DE ESTUDIOS EN INFORMATICA, SOCIEDAD CIVIL SEDE OAXACA.', 'L.A. RAFAEL PLACIDO AGUIRRE GORDILLO', NULL, ' 951 501 1891', 3, 1, 8, 3, 5, 2),
(13, 'TECOALT ASESORÍA AMBIENTAL Y SOLUCIONES ALTERNATIVAS S.A DE C.V', 'ING. EUGENIO REYNOSA GUERRERO', 'INFO@TECOATL-AMBIENTAL.COM', '951 517 0036', 1, 2, 2, 3, 2, 1),
(15, 'AGRO AGAVES DEL VALLE S.P.R DE R.L', 'SIN RESPONSABLE', 'SIN EMAIL', 'SIN TELEFONO', 1, 2, 1, NULL, 4, 2),
(16, 'LA FACULTAD DE MEDICINA VETERINARIA Y ZOOTECNIA DE LA UNIVERSIDAD AUTÓNOMA BENITO JUÁREZ DE OAXACA', 'PATRICIA KARINA VICENTE CASTILLO', 'FMVZ@UABJO.MX', '951 438 59 88 / 951 438 59 87', 3, 1, 6, NULL, 3, 2),
(17, 'LA EMPRESA “DOS VALES S.A DE C.V”', 'HERMINIO SALAZAR ORTIZ', 'MEZCALHECTOR@GMAIL.COM', 'SIN TELEFONO', 1, 2, 1, NULL, 4, 2),
(18, 'CENTRO DE DERECHOS INDÍGENAS FLOR Y CANTO ASOCIACIÓN CIVIL', 'MIGUEL ÁNGEL MARÍN MARTÍNEZ', 'CDIFLORYCANTO@GMAIL.COM', '019515336953', 3, 3, 3, NULL, 5, 2),
(19, 'SECRETARÍA DE AGRICULTURA Y DESARROLLO RURAL, DELEGACIÓN OAXACA', 'CAROLINA OJEDA MARTÍNEZ', NULL, '01951514 9043', 3, 1, 8, NULL, 4, 2),
(20, 'COESFO', 'CLAUDIA CALDERÓN CISNEROS', 'DIRECCIONGENERAL.COESFO@OAXACA.GOB.MX', '9515016900', 1, 1, 8, NULL, 4, 2),
(21, 'INVESTIGACIÓN Y DIÁLOGO PARA LA AUTOGESTIÓN SOCIAL A.C.', 'AITZA MIROSLAVA CALIXTO ROJAS', 'INVESTIGACION.DIALOGO@GMAIL.COM', '9513331640', 3, 3, 3, NULL, 5, 2),
(22, 'MUNICIPIO DE SANTA CATARINA QUIANÉ, DISTRITO DE ZIMATLÁN, OAXACA,', 'BENITO LÓPEZ ROQUE', NULL, 'SIN TELEFONO', 3, 1, 8, NULL, 5, 2),
(23, 'COMISARIADO DE BIENES COMUNALES DE SANTO DOMINGO COATLÁN', 'NABOR OSORIO CRUZ', NULL, 'SIN TELEFONO', 1, 1, 8, NULL, 4, 2),
(24, 'LA ESCUELA TELESECUNDARIA CON CLAVE: 20DTV1142O', 'VERÓNICA VÁZQUEZ CANO', NULL, 'SIN TELEFONO', 3, 1, 6, NULL, 5, 2),
(25, 'COLEGIO DE POSTGRADUADOS PUEBLA', 'SIN RESPONSABLE', 'EDAR@COLPOS.MX', '222 285 1442', 3, 1, 6, NULL, 3, 2),
(26, 'SECRETARÍA DE BIENESTAR EN EL ESTADO DE OAXACA (PROGRAMA SEMBRANDO VIDA)', 'SIN RESPONSABLE', NULL, 'SIN TELEFONO', 3, 1, 8, NULL, 5, 2),
(27, 'EL INSTITUTO OAXAQUEÑO DE LAS ARTESANÍAS', 'IRVING ANTONIO ANASTACIO ROJAS', NULL, '951 514 4030', 3, 1, 8, NULL, 2, 2),
(28, 'INSTITUTO DE CAPACITACIÓN TECNOLÓGICA APIS, S.C.', 'MARITZA MAYA SERNAS', 'INSTITUTO.APIST@GMAIL.COM', ' 951 400 6423', 3, 1, 6, NULL, 2, 2),
(29, 'LA FACULTAD DE IDIOMAS DE LA UNIVERSIDAD AUTÓNOMA BENITO JUÁREZ DE OAXACA', 'OCTAVIO CÉSAR GONZÁLEZ', NULL, '951 502 0700', 3, 1, 6, NULL, 5, 2),
(30, 'PROYECTO HEIFER INTERNACIONAL INCORPORADO', 'SIN RESPONSABLE', 'HEIFER.MEXICO@HEIFER.ORG', ' (52) 951 514 1059', 3, 1, 8, NULL, 5, 3),
(31, 'SECRETARIA DEL BIENESTAR', 'SIN RESPONSABLE', NULL, NULL, 3, 1, 8, NULL, 5, 2),
(32, 'EL CIUDADANO SAMUEL SANTIAGO MÉNDEZ, PERSONA FÍSICA CON ACTIVIDAD EMPRESARIAL \" LOS OCOTALES\"', 'SAMUEL SANTIAGO MÉNDEZ', NULL, '951 102 3371', 3, 1, 1, NULL, NULL, 2),
(33, 'ESCUELA PRIMARIA FRANCISCO JAVIER MINA', 'JERONIMO MORALES CRUZ', NULL, NULL, 3, 1, 6, NULL, 5, 2),
(34, 'TIERRA Y TRADICIÓN DE PRODUCTOS INDÍGENAS S. DE R.L DE C.V', 'INÉS GUADALUPE VÁSQUEZ BARRANCO', NULL, NULL, 3, 1, 2, NULL, 1, 2),
(35, 'EL COLEGIO DE LA FRONTERA SUR', 'FELIPE ELOY SOSA CORDERO', NULL, NULL, 3, 2, 6, NULL, 5, 2),
(36, 'INSTITUTO TECNOLÓGICO SUPERIOR DE TEPOSCOLULA \"ITSTE\"', 'JAIME CHÁVEZ FLORES', 'DIR_DTEPOSCOLULA@TECNM.MX', '01 (951) 51 7 07 88 / 51 7 04 44', 3, 1, 6, NULL, 1, 2),
(37, 'MUNICIPIO  DE SANTA CRUZ PAPALUTLA, DISTRITO DE TLACOLULA, ESTADO DE OAXACA', 'GUADALUPE HERNÁNDEZ GARCÍA', NULL, NULL, 3, 1, 5, NULL, 5, 2),
(38, 'PRODUCTORES GUIBLAMAR, SOCIEDAD DE PRODUCCIÓN RURAL DE RESPONSABILIDAD ILIMITADA', 'MARTHA ROSARIO MARTÍNEZ SUMANO', NULL, '52 951 268 7720', 1, 4, 1, NULL, 4, 2),
(39, 'SERVICIOS TÉCNICOS FORESTALES', 'SIN RESPONSABLE', NULL, '951 144 6608', 3, 2, NULL, NULL, 4, 1),
(40, 'EL COLEGIO DE PROFESIONISTAS COMPARTIR CONOCIMIENTO ASOCIACIÓN CIVIL', 'SIN RESPONSABLE', 'PRESIDENCIA.CPCC@GMAIL.COM', '9512856280', 3, 1, 8, NULL, 5, 1),
(41, 'INSTANCIA DE AGAVE DE CORTES', 'GREGORIO MARTÍNEZ JARQUÍN', 'INFO@CASACORTES.MX', NULL, 1, 2, 1, NULL, 4, 2),
(42, 'ENVIRONMENTAL MANAGEMENT EDUCATION CENTER PERTENECIENTE AL COLLEGE OF NATURAL RESOURCES DE LA UNIVERSIDAD DE WISCONSIN-STEVENS POINT (GEM)', 'DR. VÍCTOR D. PHILLIPS', NULL, NULL, 3, 1, 6, NULL, 1, 2),
(43, 'EL INSTITUTO POLITÉCNICO NACIONAL', 'ING. OSCAR JORGE SUCHIL VILLEGAS Y  DR. JUAN RODRIGUEZ RAMÍREZ', NULL, '55 57 29 60 00 / 55 57 29 63 00', 3, 1, 6, 3, 4, 2),
(44, 'INSTITUTO TECNOLÓGICO DE SALINA CRUZ', 'M.C JUAN CRUZ NIETO', 'GTV_SALINACRUZ@TECNM.MX', '(971) 7163242/ (971) 7162837/ (971) 7163074', 3, 1, 6, NULL, 1, 2),
(45, 'FUNDACIÓN PRODUCE OAXACA, A.C.', 'C. HUMBERTO PÉREZ MORALES', 'FUNPROOA@PRODIGY.NET.MX', '(951) 5131027', 3, 3, 3, NULL, 4, 2),
(46, 'C.B.T.I.S  NO.26', 'DRA, ROCÍO CASTRO GONZÁLEZ', NULL, '951 515 2727', 3, 1, 6, NULL, 1, 2),
(47, 'MILPAS DE OAXACA A.C', 'DIRECTOR SERGIO PÉREZ GOPAR', NULL, '1327603', 3, 1, 8, NULL, 4, 2),
(48, 'EL CENTRO DE BACHILLERATO TECNOLÓGICO INDUSTRIAL Y DE SERVICIOS (CBTIS NO. 259).', 'ARQ. MARCO ANTONIO ARAGÓN RODRÍGUEZ', 'CBTIS259.DIR@UEMSTIS.SEMS.GOB.MX', '951 51 70000', 3, 1, 6, NULL, 1, 2),
(49, 'EL COLEGIO DE POSTGRADUADOS, CAMPUS SAN LUIS POTOSÍ', 'DR. VÍCTOR MANUEL RUÍZ', NULL, '496 963 0240', 3, 1, 6, NULL, 1, 2),
(50, 'SECRETARÍA DE ASUNTOS INDÍGENAS', 'LIC. ADELFO REGINO MONTES', NULL, '(951) 501 5000', 3, 1, 8, NULL, 5, 2),
(51, 'SERVICIOS DE SALUD DE OAXACA', 'MTRO. DONATO AUGUSTO CASA ESCAMILLA', NULL, '951 516 3464', 3, 1, 10, 3, 1, 2),
(52, 'MUNICIPIO LIBRE Y SOBERANO DE SANTA CRUZ XOXOCOTLÁN', 'LIC. EMMANUEL ALEJANDRO LOPEZ JARQUÍN', NULL, NULL, 3, 1, 8, NULL, 4, 2),
(53, 'DISEÑO DIDÁCTICO INTERACTIVO A.C', 'MTRO. RAMSÉS BARROSO BRAVO', NULL, NULL, 3, 1, 8, NULL, 1, 2),
(54, 'SERVICIOS EN TELECOMUNICACIÓNES E INFORMÁTICA', 'ING. JULIO JESÚS BOHORGUEZ BORROSO', NULL, '(951 )5012143', 3, 2, 8, NULL, 1, 2),
(55, 'AGENCIA MUNICIPAL DE SANTA MARÍA VELATO, MONJAS, MIAHUATLÁN, OAX.', 'C. FELIX RÍOS DÍAZ', NULL, NULL, NULL, 1, 8, 2, 5, 2),
(56, 'LA SOCIEDAD LATINOAMERICANA DE CIENCIA Y TECNOLÓGIA APLICADA A.C (SOLACYT)', 'DR. FERNANDO GUZMÁN MUÑOZ', 'CONTACTO@SOLACYT.ORG', '(52) 33 33 34 56 54', 3, 1, 8, NULL, 1, 3),
(57, 'MUNICIPIO DE OAXACA DE JUÁREZ', 'JOSÉ ANTONIO HERNÁNDEZ FRAGUAS', 'INFORMACION@MUNICIPIODEOAXACA.GOB.MX', '(951) 501 5500', 3, 1, 8, NULL, 2, 2),
(58, 'INSTITUTO DE ESTUDIOS DE BACHILLERATO DEL ESTADO DE OAXACA (EL IEBO)', 'LIC. LUCÍA RAQUEL ALBERTO MARÍN', NULL, '(951) 51 8 66 01 / (951) 51 8 66 02', 3, 1, 6, NULL, 1, 1),
(59, 'EL INSTITUTO TECNOLÓGICO DE LA CONSTRUCCIÓN (ITC)', 'ARQ. AURORA DE LA HUERTA RAMOS', 'INFO@ITC-AC.EDU.MX', '951510788', 2, 1, 6, NULL, 1, 1),
(60, 'INSTITUTO TECNOLÓGICO DE PUEBLA', 'ING FERNANDO CHAPA LARA', 'VINCULACION@ITPUEBLA.EDU.MX', '222 229 8872', 3, 1, 6, NULL, 1, 2),
(61, 'MEZCALES EL SABINO S. DE R.L', 'LIC. GONZALO MARTÍNEZ SERNAS', NULL, '9515183119', 1, 2, 1, NULL, 4, 2),
(62, 'COMISARIADO DE BIENES EJIDALES SAN PEDRO TOTOLAPAM', 'C. ÁNGEL MANUEL HERNÁNDEZ LUIS', NULL, NULL, 1, 4, 8, NULL, 4, 2),
(63, 'LA COMISIÓN NACIONAL PARA EL DESARROLLO DE LOS PUEBLOS INDÍGENAS', 'ING. CARLOS TREJO CARPIO', 'CEDRSSA@DIPUTADOS.GOB.MX', '5036 0000 EXT. 55093', 3, 1, 8, NULL, 5, 2),
(64, 'BIODIVERSIDAD Y DESARROLLO SOCIAL BIOSOC A.C', 'BIOL. EDGAR MARTÍNEZ AGAMA', 'BIOSOCAC@GMAIL.COM', '951 235 1801', 3, 1, 8, NULL, 3, 2),
(65, 'STRATOS EJÉRCITO CREATIVO S.A DE C.V', 'DIRECTOR GRAL. JORGE BILDO SARAVIA FUENTES', 'INFO@STRATOS.MX', '9512072304', 3, 1, 8, NULL, 1, 2),
(66, 'MUNICIPIO DE VILLA DE ZAACHILA', 'DRA. MARICELA MARTÍNEZ CORONEL', NULL, '5287554 / 5287552 EXT. 102', 3, 1, 8, NULL, 4, 2),
(67, 'BIODIVERSIDAD OAXAQUEÑA', 'BIOL. EDGAR MARTÓNEZ AGAMA', NULL, NULL, 3, 3, 3, NULL, 3, 2),
(68, 'LUBIZHA, CENTRO DE INTERCAMBIO DE EXPERIENCIAS PARA EL DESARROLLO SUSTENTABLE, A.C', 'ING. ANTONIO MANUEL LÓPEZ MORALES', NULL, NULL, 3, 3, 3, NULL, 4, 2),
(69, 'LA UNIVERSIDAD AGRARIA DE LA HABANA \"FRUCTUOSO RODRÍGUEZ PÉREZ\"', 'DR. ADIANEZ TABOADA ZAMORA', NULL, '53 47 863395', 3, 1, 6, NULL, 4, 3),
(70, 'UNIVERSIDAD INTERCULTURAL MAYA DE QUINTANA ROO (UMQROO)', 'M.C. ILDENFOLSO PALEMÓN HERNÁNDEZ SILVA', 'CONTACTO@UIMQROO.EDU.MX', '(997) 68-81441/ 68-81438', 3, 1, 8, NULL, 3, 2),
(71, 'LA COMISIÓN ESTATAL FORESTAL (COESFO)', 'LIC. ALFREDO AARÓN JUÁREZ CRUZ', 'DIRECCIONGENERAL.COESFO@OAXACA.GOB.MX', '5016900 EXT. 25271', 3, 1, 8, NULL, 4, 2),
(72, 'PUNTO MÉXICO CONECTADO', 'LIC. RUTH DÍAZ DÍAZ', 'CONTACTOCHAT@IEEPO.GOB.MX', '01 (951) 207 03 52', 3, 1, 8, NULL, 1, 2),
(73, 'CENTRO UNIVERSITARIO DE CIENCIAS BIOLÓGICAS Y AGROPECUARIAS DE LA UNIVERSIDAD DE GUADALAJARA', 'DR. CARLOS BEAS ZÁRATE', NULL, '33 3134 2222', 3, 1, 6, NULL, 4, 2),
(74, 'EL COLEGIO SUPERIOR PARA LA EDUCACIÓN INTEGRAL INTERCULTURAL DE OAXACA', 'PROFA. EMILIA GARCÍA GUZMÁN', NULL, '951 520 3924', 3, 1, 5, NULL, 5, 2),
(75, 'LA VENTANA INVESTIGACIÓN Y DIVULGACIÓN CIENTÍFICA PARA EL DESARRROLLO', 'LIC. INTI ESCALONA LUTTIG', NULL, NULL, 3, 1, 8, NULL, 1, 2),
(76, 'COORDINADORA ESTATAL DE PRODUCTORES DE CAFÉ DEL ESTADO DE OAXACA, A.C', 'SIN RESPONSABLE', NULL, '951 132 5221', 3, 3, 3, NULL, 4, 1),
(77, 'EJIDO DE MAGDALENA APASCO, ETLA, OAXACA', 'C. ESTEBAN MIGUEL RAMOS FERIA', NULL, '951 521 5388', 1, 4, 8, NULL, 4, 1),
(78, 'COMISARIADO EJIDAL DE SANTA MARÍA ATZOMPA', 'LIC. ZENON FAUSTINO SALINAS', NULL, NULL, 1, 4, 8, NULL, 4, 1),
(79, 'COMISARIADO EJIDAL DEL NÚCLEO AGRARIO ASUNCIÓN ETLA', 'C. NATALIO CUEVAS CABRERA, CONCEPCIÓN MENDEZ CUEVAS, ISABEL JUDITH MARTÍNEZ MIGUEL', NULL, NULL, 1, 4, 8, NULL, 2, 2),
(80, 'CISCO NETWORKING ACADEMY', 'SIN RESPONSABLE', NULL, NULL, 3, 2, 1, NULL, 2, 3),
(81, 'UNIVERSIDAD AUTONÓMA METROPOLITANA \"UAM\'', 'DR. EDUARDO ABEL PEÑALOSA CASTRO', NULL, '555483 4000 EXT. 1602 EXT. 1603 EXT. 1601', 3, 1, 6, NULL, 1, 2),
(82, 'AGENCIA MUNICIPAL DE SAN PABLO GUILA, SANTIAGO MATATLÁN, TLACOLULA OAX.', 'C. VÍCTOR HERNÁNDEZ GÓMEZ', NULL, '951 553 2080', 3, 1, 8, NULL, 4, 1),
(83, 'LA CÁMARA MEXICANA DE LA INDUSTRIA DE LA CONSTRUCCIÓN (CMIC)', 'SIN RESPONSABLE', NULL, NULL, 3, 2, 8, NULL, 1, 2),
(84, 'COMITÉ OAXAQUEÑO DE SANIDAD E INOCUIDAD ACUÍCOLA A.C.', 'SIN RESPONSABLE', NULL, '951 132 6883', 3, 3, 3, NULL, 3, 2),
(85, 'H. AYUNTAMIENTO CONSTITUCIONAL DEL MUNICIPIO DE CUILÁPAM DE GUERRERO', 'SIN RESPONSABLE', NULL, '951 528 6344', 3, 1, 8, NULL, NULL, 1),
(86, 'SEMAEDESO, SECRETARÍA DEL MEDIO AMBIENTE, ENERGÍAS Y DESARROLLO SUSTENTABLE', 'SIN RESPONSABLE', NULL, '951 501 5000 EXT. 12515', 3, 1, 8, NULL, 3, 1),
(87, 'UC MEXUS-CONACYT (EL CONSEJO NACIONAL DE CIENCIA Y TECNOLOGÍA)', 'SIN RESPONSABLE', NULL, NULL, 3, 1, 8, NULL, 3, 2),
(88, 'EL COLEGIO DE PROFESIONALES FORESTALES DE OAXACA A.C', 'SIN RESPONSABLE', NULL, NULL, 1, 3, 3, NULL, 4, 1),
(89, 'UABJO LA FACULTAD DE MEDICINA Y CIRUGÍA', 'SIN RESPONSABLE', NULL, '951 515 3058', 3, 1, 6, NULL, 3, 1),
(90, 'H. AYUNTAMIENTO CONSTITUCIONAL DEL MUNICIPIO DE SANTO DOMINGO PETAPA', 'SIN RESPONSABLE', NULL, '972 723 4068', 3, 1, 8, NULL, 4, 2),
(91, 'SECRETARÍA DE AGRICULTURA, GANADERÍA, DESARROLLO RURAL, PESCA Y ALIMENTACIÓN (LA SAGARPA)', 'SIN RESPONSABLE', 'CONTACTO@AGRICULTURA.GOB.MX', NULL, 3, 1, 8, NULL, NULL, 2),
(92, 'LA DIRECCIÓN REGIONAL SUR DEL INSTITUTO NACIONAL DE ESTADÍSTICA Y GEOGRAFÍA', 'SIN RESPONSABLE', NULL, '951 512 4800', 3, 1, 8, NULL, NULL, 1),
(93, 'FIDEICOMISO ALIANZA PARA EL CAMPO DE OAXACA.  CAPACITACIÓN Y TRANSFERENCIA DE TECNOLOGÍA EN EL CULTIVO DE PAPAYA PARA EL DESARROLLO DE CAPACIDADES TECNICO-PRODUCTIVAS EN LA LOCALIDAD BARRIO LA SEGUNDA, SAN MIGUEL REYES FIGUEROA, SAN PEDRO POCHUTLA OAXACA', 'SIN RESPONSABLE', NULL, NULL, 1, 4, 1, NULL, 4, 2),
(94, 'PROPUESTA INTEGRAL PARA LA SUSTENTABILIDAD, ASOCIACIÓN CIVIL', 'M.C. CARLOS GRAU LÓPEZ', NULL, NULL, 3, 3, 8, 3, 4, 1),
(95, 'GENERANDO ESFUERZOS NECESARIOS PARA LA TRANSFORMACIÓN DEL ESTADO S.C', 'SIN RESPONSABLE', NULL, NULL, 3, 3, 8, NULL, 5, 2),
(96, 'HUMAR, SOCIEDAD COOPERATIVA DE PRODUCCIÓN RURAL DE RESPONSABILIDAD LIMITADA DE CAPITAL VARIABLE', 'SIN RESPONSABLE', NULL, NULL, 1, 4, 8, NULL, 4, 1),
(97, 'ESCUELA SECUNDARIA TÉCNICA NÚM. 66', 'SIN RESPONSABLE', NULL, NULL, 3, 1, 6, NULL, 5, 1),
(98, 'EMPRESA TÉCNICA SILVÍCOLA INTEGRAL S.C', 'SIN RESPONSABLE', NULL, NULL, 1, 3, 8, NULL, 4, 1),
(99, 'UNIÓN DE CRÉDITO CONCRECES, SOCIEDAD ANÓNIMA DE CAPITAL VARIABLE', 'SIN RESPONSABLE', NULL, '951 501 5470', 3, 2, 7, NULL, 2, 1),
(100, 'HYR EMPRESARIAL Y AMBIENTAL S.C.', 'SIN RESPONSABLE', NULL, NULL, 3, 2, 8, NULL, 3, 1),
(101, 'CITRÍCOLA COSTA CHICA S.P.R DE R.L', 'SIN RESPONSABLE', NULL, NULL, NULL, 4, 8, NULL, 2, 2),
(102, 'TIERRA VIVA DE OAXACA', 'SIN RESPONSABLE', NULL, NULL, 3, 3, 8, NULL, 5, 1),
(103, 'SECRETARÍA DE MEDIO AMBIENTE Y RECURSOS NATURALES', 'SIN RESPONSABLE', NULL, '951 515 0019', 1, 1, NULL, NULL, 3, 2),
(104, 'JUVENTUD SIN LÍMITES, COMPARTIENDO SUEÑOS PARA EL PROGRESO A.C', 'SIN RESPONSABLE', 'JUVENTUDSINLIMITESCSP@GMAIL.COM', '951 276 1089', 3, 3, 8, NULL, 5, 1),
(105, 'SOLUCIONES AGRÍCOLAS CHOMPA', 'SIN RESPONSABLE', NULL, NULL, 1, 2, 1, NULL, 4, 1),
(106, 'AGRO ECOLOGOS UNIDOS A.C.', 'SIN RESPONSABLE', NULL, NULL, 2, 3, 8, NULL, 4, 1),
(107, 'COMISARIADO EJIDAL DEL NÚCLEO AGRARIO TETÉLA DEL VOLCÁN MORELOS', 'SIN RESPONSABLE', 'MUNICIPIO@TETELADELVOLCAN.GOB.MX', '731 357 0027', 1, 1, 8, NULL, 4, 2),
(108, 'PRODUCTORES AGROPECUARIOS DE RANCHO LLANO S.P.R DE R.L.', 'SIN RESPONSABLE', NULL, NULL, 2, 1, 1, NULL, 4, 1),
(109, 'ESTUDIOS PROYECTOS Y SERVICIOS SUSTENTABLES RINAVI, S.C.', 'SIN RESPONSABLE', 'EPYSS.RINAVI@GMAIL.COM', '951 118 6280', 3, 3, 8, NULL, 3, 1),
(110, 'NÚCLEO RURAL LA JOYA, NUXIÑO', 'SIN RESPONSABLE', NULL, NULL, 3, 1, 8, NULL, 4, 2),
(111, 'AGENCIA DE POLICÍA DE MONTE FRÍO, SAN JUAN TAMAZOLA, NOCHIXTLÁN, OAXACA', 'SIN RESPONSABLE', NULL, NULL, 3, 1, 8, NULL, 5, 1),
(112, 'SECRETARÍA DE MEDIO AMBIENTE Y RECURSOS NATURALES (SEMARNAT Y CONANP)', 'SIN RESPONSABLE', NULL, NULL, 2, 1, 8, NULL, 3, 2),
(113, 'PROYECTOS PARA UN FUTURO MEJOR A. C.', 'SIN RESPONSABLE', NULL, NULL, 3, 3, 8, NULL, 5, 1),
(114, 'ESIMAVISI S.A. DE C.V. (ECOLOGÍA SIVICULTURA Y MANEJO DE LA VIDA SILVESTRE)', 'SIN RESPONSABLE', NULL, NULL, 2, 2, 8, NULL, 4, 1),
(115, 'UNIVERSIDAD DEL MAR', 'SIN RESPONSABLE', NULL, '(958) 5 84 30 49/ (954) 5 82 49 90/ (958) 5 87 25 59', 3, 1, 6, NULL, 3, 1),
(116, 'BIOEKOS', 'ING. VICENTE RUÍZ ALONSO', NULL, NULL, 2, 2, 7, NULL, 3, 2),
(117, 'HORTINVEST MÉXICO S.A. DE C.V.', 'SIN RESPONSABLE', NULL, '52 4424779603', 3, 2, 8, NULL, 4, 1),
(118, 'H. AYUNTAMIENTO CONSTITUCIONAL DE SAN MIGUEL YOTAO, DISTRITO DE IXTLÁN DE OAXAC DE JUÁREZ', 'SIN RESPONSABLE', NULL, '956 568 0150', 3, 1, 8, NULL, 4, 1),
(119, 'UNIVERSIDAD AUTÓNOMA DE QUERÉTARO', 'SIN RESPONSABLE', 'UIPE@UAQ.MX', '01 ( 442) 1 92 12 00', 3, 1, 6, NULL, 1, 2),
(120, 'SECRETARIA MUNICIPAL DE DESARROLLO SUSTENTABLE.', 'SIN RESPONSABLE', NULL, NULL, 3, 1, 8, NULL, 3, 2),
(121, 'SERVICIOS ESPECIALIZADOS SHLIP, SOCIEDAD CIVIL', 'SIN RESPONSABLE', NULL, NULL, 3, 3, 3, NULL, 1, 1),
(122, 'UNIVERSIDAD AUTÓNOMA DE BAJA CALIFORNIA', 'SIN RESPONSABLE', NULL, '686 551 8200', 3, 1, 6, NULL, 1, 2),
(123, 'CENTRO DE INVESTIGACIÓN EN ALIMENTACIÓN Y DESARROLLO, A.C', 'DR. PABLO WONG GONZÁLEZ', NULL, NULL, 1, 2, 8, NULL, 1, 2),
(124, 'AGENCIA MUNICIPAL DE SAN JOSÉ DEL PACÍFICO, SAN MATEO RÍO HONDO, MIHUATLÁN, OAXACA', 'SIN RESPONSABLE', NULL, '957 572 0584', 3, 3, 8, NULL, 4, 1),
(125, 'H. AYUNTAMIENTO CONSTITUCIONAL DE SANTA MARÍA PEÑOLES', 'SIN RESPONSABLE', NULL, '555 151 5304', 3, 1, NULL, NULL, 4, 1),
(126, 'CENTRO DE INNOVACIÓN Y DESARROLLO EMPRENDEDOR HUAXYACAC A.C.', 'SIN RESPONSABLE', NULL, '(951) 2066356', 3, 3, 3, NULL, 5, 1),
(127, 'MUNICIPIO DE SANTA MARÍA HUATULCO, POCHUTLA, OAXACA.', 'SIN RESPONSABLE', 'PRESIDENCIAHUATULCO2005@MEXICO.COM', '958 581 4088', 3, 1, 8, NULL, 5, 1),
(128, 'UNIVERSIDAD DEL MEDIO AMBIENTE Y CIENCIAS APLICADAS', 'SIN RESPONSABLE', NULL, '951 170 2029', 3, 2, 7, NULL, 3, 1),
(129, 'COMISARIADO DE BIENES COMUNALES DE SANTIAGO TEXTITLÁN, SOLA DE VEGA, OAXACA', 'SIN RESPONSABLE', NULL, NULL, 3, 1, 8, 2, 4, 1),
(130, 'LA SOCIEDAD PARA EL ESTUDIO DE LOS RECURSOS BIÓTICOS DE OAXACA, A.C.', 'SIN RESPONSABLE', 'SSCHIBLI@HOTMAIL.COM', '9515175571', 3, 3, 3, 2, 3, 1),
(131, 'MUNICIPIO DE VILLA TUTUTEPEC, JUQUILA, OAXACA', 'C. JAVIER JUÁREZ HERNÁNDEZ', 'VILLADETUTUTEPEC@YAHOO.COM.MX', '954 541 0016', 3, 1, 8, 2, 1, 2),
(132, 'CIATEJ', 'SIN RESPONSABLE', NULL, '(33) 3345 52 00', 3, 1, 8, 3, 3, 2),
(133, 'H. AYUNTAMIENTO CONSTITUCIONAL DE SAN PABLO HUITZO, ETLA, OAXACA', 'SIN RESPONSABLE', NULL, '951 528 4009', 3, 1, 8, 2, 2, 1),
(134, 'INVERSORA HOTELERA DEL  CARIBE S.A DE C.V', 'SIN RESPONSABLE', 'ADMIN.MXC@GRUPOEXCELLENCE.COM', '(01)9988728600', 3, 2, 4, 4, 2, 3),
(135, 'EL GOBIERNO DE LA CIUDAD DE MÉXICO', 'SIN RESPONSABLE', NULL, '55 5658 1111', 3, 1, 8, 3, 2, 2),
(136, 'LA VOZ DE LA MONTAÑA ANCESTRAL A.C', 'SIN RESPONSABLE', 'LAVOZDELAMONTANA2021@GMAIL.COM', NULL, 3, 3, 3, 2, 4, 1),
(137, 'AGENCIA DE POLICÍA MUNICIPAL DE JESUS NAZARENO, XOXOCOTLÁN, OAXACA', 'SIN RESPONSABLE', NULL, '(951)5494897', 3, 1, 8, 2, 2, 1),
(138, 'TALENT NETWORK MX, S.A.P.I DE C.V.', 'SIN RESPONSABLE', NULL, 'ALIANZAS@TALENT-NETWORK.ORG', 3, 2, 7, 4, 1, 2),
(139, 'SERVICIOS INTERSEC   S.A DE C.V', 'SIN RESPONSABLE', 'COMERCIAL@SERVICIOSINTERSEC.COM', '52 55 5207 6895', 3, 2, 7, 3, 2, 2),
(140, 'L.I. MICHAEL MESINAS VELASCO', 'L.I. MICHAEL MESINAS VELASCO', NULL, NULL, 3, 1, 8, NULL, NULL, 1),
(141, 'AGENCIA DE MAGUEY LARGO DEL MUNICIPIO DE SAN JOSÉ DEL PROGRESO, OCOTLÁN DE MORELOS,OAX', 'SIN RESPONSABLE', NULL, NULL, 3, 1, 8, 2, 2, 1),
(142, 'CEDHI CONSULTORES', 'SIN RESPONSABLE', 'CEDHICONSULTORES@HOTMAIL.COM', '951 269 1734', 3, 2, 8, 2, 2, 1),
(143, 'LA DIRECCIÓN DE LA DEFENSORÍA PÚBLICA DEL ESTADO DE OAXACA', 'SIN RESPONSABLE', NULL, '951 501 69 00 EXT. 26752', 3, 1, 8, 2, 5, 1),
(144, 'MUNICIPIO DE LA VILLA DE SAN ANTONINO CASTILLO VELASCO, OCOTLÁN,OAXACA', 'SIN RESPONSABLE', NULL, '957 571 0021', 3, 1, 8, 2, 2, 1),
(145, 'EL INSTITUTO ESTATAL ELECTORAL Y DE PARTICIPACIÓN CIUDADANA DE OAXACA', 'SIN RESPONSABLE', 'COMUNICACIONSOCIAL@IEEPCO.ORG.MX', '951 502 06 30', 3, 1, 8, 3, 5, 1),
(146, 'LIC.JAVIER CRUZ MARTHA', 'LIC.JAVIER CRUZ MARTHA', NULL, NULL, 3, 2, 7, 1, 2, 2),
(147, 'H. AYUNTAMIENTO DE VILLA DE ZAACHILA', 'C.P. CÁSTULO  BRETÓN MENDOZA', NULL, '5287554 \\ 5287552 EXT. 102', 3, 1, 8, 2, 2, 1),
(148, 'SECRETARÍA DE BIENESTAR EN EL ESTADO DE OAXACA', 'SIN RESPONSABLE', NULL, ' (951) 50 150 00 EXT. 12534,12517', 3, 1, 8, 3, 2, 1),
(149, 'ING.JUAN CARLOS ÁNGELES CORONADO', 'ING.JUAN CARLOS ÁNGELES CORONADO', NULL, NULL, 3, 2, 7, 1, 2, 2),
(150, 'PRODUCTORES DEL BUEN AGAVE', 'C. CARLOS MÉNDEZ BLAS', 'CARLOS@DELBUENAGAVE.COM', NULL, 3, 2, 7, 3, 4, 1),
(151, 'CENTRO DE INVESTIGACIÓN CIENTÍFICA Y DE EDUCACIÓN SUPERIOR DE ENSENADA', 'DRA. ROSA REYNA MOURIÑO PÉREZ', 'ALICEA@CICESE.MX', '(646) 175 05 15 (646) 175 05 00 EXT. 22017', 1, 1, 8, 3, 3, 2),
(152, 'ALTERNATIVA CÍVICA DE PUEBLOS INDÍGENAS DE OAXACA ACPIO, A.C.', 'LIC. MIRIAM BELEN SANTIAGO CABALLERO', NULL, '9512063630', 3, 3, 3, 2, 4, 1),
(153, 'MUNICIPIO DE ZIMATLÁN DE ÁLVAREZ, OAXACA', 'SIN RESPONSABLE', NULL, '951 571 5739', 3, 1, 8, NULL, 2, 1),
(154, 'PRIMARIA LUZ Y CIENCIA', 'LIC. GABRIEL PÉREZ CASTELLANOS', NULL, NULL, 3, 1, 3, 2, 5, 1),
(155, 'CENTRO DE ENSEÑANZA OCUPACIÓN N. 10 GRAL. VICENTE GUERRERO CLAVE 20DEEO005W', 'C. ÁNGELA VALENCIA PADILLA', NULL, '951 172 5019', 3, 1, 6, 2, 5, 1),
(156, 'PROYECTO EMPRESARIAL \"HERBOHUAX\"', 'LIC. JAVIER CRUZ MARTHA', NULL, NULL, 3, 2, 1, 2, 2, 1),
(157, 'JARDÍN DE NIÑOS COSIJOEZA', 'ELIZABETH JUÁREZ LUNA', NULL, NULL, 3, 1, 6, 2, 5, 1),
(158, 'UNIVERSIDAD LA SALLE OAXACA A.C.', 'MTRA. MARÍA DEL ROCÍO PETRA OCÁDIZ LUNA', 'PROMOCION@ULSAOAXACA.EDU.MX', '(951) 502 93 33 / 01 800 502 93 33', 3, 2, 6, 3, 5, 1),
(159, 'DIPUTADO FEDERAL DANIEL GUTIÉRREZ GUTIÉRREZ Y TECNOLÓGICO', 'DANIEL GUITÉRREZ GUTIÉRREZ', 'DANIELGUTIERREZOAX@GMAIL.COM', '951 128 4955', 3, 1, 8, 2, 5, 1),
(160, 'GRUPO CRR PROSEFOR S.A.S DE C.V', 'ING. SALOME CONTRERAS LÁZARO', NULL, '951 427 1981', 3, 2, 3, 2, 5, 1),
(161, 'DAAN LLIA SOCIEDAD DE PRODUCCIÓN RURAL DE RESPONSABILIDAD ILIMITADA', 'C.BASILIA SANTIAGO SANTIAGO', NULL, NULL, 3, 4, 1, 2, 5, 1),
(162, 'CONSULTORÍA DE RECURSOS NATURALES Y SUSTENTABILIDAD S.C', 'ING. GABRIEL SÁNCHEZ CERNAS', NULL, NULL, 1, 1, 1, 2, 4, 1),
(163, 'HOSPITAL REGIONAL DE ALTA ESPECIALIDAD DE OAXACA', 'DR. GERARDO PÉREZ BUSTAMANTE', 'TECNOLOGIAS@HRAEOAXACA.GOB.MX', '(951) 501-80-80 EXT. 1099', 3, 1, 10, 2, 5, 1),
(164, 'CONSULTOR-ITVO', 'ING. OFIR NAVARRO MORALES', NULL, NULL, 3, 2, 1, 2, 5, 2),
(165, 'COMISARIADO COMUNAL DE SANTA MARÍA PEÑOLES', 'SIN RESPONSABLE', NULL, NULL, 3, 1, 8, 2, 4, 1),
(166, 'INDUSTRIA PECUARIA MONTEALBÁN SPR DE RL', 'C. JOSÉ IGNACIO TRUJILLO ALVARADO', NULL, NULL, 1, 4, 2, 2, 4, 1),
(167, 'HERASOFT S.A. DE C.V.', 'C. JESÚS HERNÁNDEZ AGUILAR', 'CONTACTO@HERASOFT.MX', '951 228 43 26', 3, 2, 7, 2, 1, 1),
(168, 'MUNICIPIO HEROICA CIUDAD DE EJUTLA DE CRESPO', 'C.LEONARDO DÍAZ JIMÉNEZ', NULL, '9515730044', 3, 1, 8, 2, 2, 1),
(169, 'COMISARIADO DE BIENES COMUNALES DE SAN JUAN EVANGELISTA ANALCO', 'C. CENOVIO JUAN VÁSQUEZ SOSA', NULL, NULL, 3, 1, 8, 2, 2, 1),
(170, 'AYUNTAMIENTO DE CUILÁPAM DE GUERRERO', 'C. DIEGO MOISÉS PÉREZ DE LA CRUZ Y C. ROSA ALICIA SANTIBAÑEZ VALERIANO', NULL, '951 528 6344', 3, 1, 8, 3, 4, 1),
(171, 'SECRETARÍA DE DESARROLLO AGROPECUARIO, PESCA Y ACUACULTURA', 'BIOL. EMMANUEL VILLANUEVA JIMÉNEZ', NULL, '951 50 16900 EXT 25752 / 25758', 2, 3, 8, NULL, 3, 1),
(172, 'CONSULTORÍA DE INVESTIGACIÓN PARA EL ESTUDIO DE LOS RECURSOS BIÓTICOS CIERBO S.C', 'BIOL. EMMANUEL VILLANUEVA JIMÉNEZ', 'CIERBOSC.OAX@GMAIL.COM', '9511558635', 3, 3, 8, 2, 3, 1),
(173, 'HONORABLE AYUNTAMIENTO DE PLUMA HIDALGO, POCHUTLA', 'C. JESÚS JOSUÉ SILVA JACINTO', NULL, '958 525 8090', 3, 1, 8, 3, 2, 1),
(174, 'COMUNIDAD AGRARIA  DE SANTO DOMINGO CACALOTEPEC', 'C. GERMÁN SANTIAGO QUERO', NULL, NULL, 3, 1, 8, 3, 2, 1),
(175, 'COMERCIALIZADORES ESPECIALIZADOS EN MEDICAMENTOS BIENES Y SERVICIOS MEDERI S.A DE C.V', 'LIC. ROCÍO ROJAS TOSCANO', NULL, '951 163 2619', 3, 2, 10, 3, 2, 1),
(176, 'MEZCAL CASA CHAGOYA', 'C. VÍCTOR MANUEL CHAGOYA HERNÁNDEZ', 'HOLA@CASACHAGOYA.COM', '951 638 3714', 3, 2, 2, 3, 4, 1),
(177, 'MUNICIPIO DE ASUNCIÓN NOCHIXTLAN', 'SIN RESPONSABLE', NULL, NULL, 3, 1, 8, NULL, NULL, 1),
(178, 'CONSULTORÍA NUNDUVA A.C', 'SIN RESPONSABLE', NULL, NULL, 3, 1, 8, NULL, NULL, 1),
(179, 'BIOECORI, S.C', 'DRA. JULIETA LILIA RIZARDEZ RUEDA', NULL, NULL, 3, 2, 7, 2, 2, 1),
(180, 'COMITÉ DE PLAYAS LIMPIAS DE SANTA MARÍA HUATULCO A.C.', 'M.C. VIRGINIA HERNÁNDEZ VERA', 'GERENCIAPLAYASLIMPIAS@HOTMAIL.COM', '958 587 04 88', 3, 3, 3, 2, 2, 1),
(181, 'CONSEJO NACIONAL DE FOMENTO EDUCATIVO', 'EMILIO RAMÓN FLORES DOMÍNGUEZ', 'UE.MT@CONAFE.GOB.MX', '360025 11 EXT. 11071', 3, 1, 6, 3, 4, 2),
(182, 'SUSTENTABILIDAD EN ECOSISTEMAS FORESTALES Y CONTABLES S.C', 'NARCISO LÓPEZ LÁZARO', 'SEFOREC@HOTMAIL.COM', '951 322 2792', 1, 3, 7, 2, 4, 2),
(183, 'TEAMSIDE CONSULTING', 'RICHARD ÁNGEL BENÍTEZ GARCÍA', NULL, '951 494 8675', 1, 2, 7, 3, 1, 2),
(184, 'ENCUENTRO CON MÉXICO POR LOS MAS NECESITADOS A.C.', 'SIN RESPONSABLE', 'CONTACTO@ENCUENTROCONMEXICO.ORG', '52 155 34278773', 3, 3, 3, NULL, 5, 2),
(185, 'HUAWEI TECHNOLOGIES CO. LTD', 'SIN RESPONSABLE', NULL, '800 148 2934', 3, 1, 1, NULL, 1, 3);

-- --------------------------------------------------------

--
-- Estructura de tabla para la tabla `migrations`
--

CREATE TABLE `migrations` (
  `id` int(10) UNSIGNED NOT NULL,
  `migration` varchar(255) COLLATE utf8mb4_unicode_ci NOT NULL,
  `batch` int(11) NOT NULL
) ENGINE=InnoDB DEFAULT CHARSET=utf8mb4 COLLATE=utf8mb4_unicode_ci;

--
-- Volcado de datos para la tabla `migrations`
--

INSERT INTO `migrations` (`id`, `migration`, `batch`) VALUES
(1, '2014_10_12_000000_create_users_table', 1),
(2, '2014_10_12_100000_create_password_resets_table', 1),
(3, '2019_08_19_000000_create_failed_jobs_table', 1),
(4, '2019_12_14_000001_create_personal_access_tokens_table', 1),
(5, '2021_10_26_223537_add_votes_to_users_table', 1),
(6, '2021_10_26_223710_create_flights_table', 1);

-- --------------------------------------------------------

--
-- Estructura de tabla para la tabla `password_resets`
--

CREATE TABLE `password_resets` (
  `email` varchar(255) COLLATE utf8mb4_unicode_ci NOT NULL,
  `token` varchar(255) COLLATE utf8mb4_unicode_ci NOT NULL,
  `created_at` timestamp NULL DEFAULT NULL
) ENGINE=InnoDB DEFAULT CHARSET=utf8mb4 COLLATE=utf8mb4_unicode_ci;

-- --------------------------------------------------------

--
-- Estructura de tabla para la tabla `periodo`
--

CREATE TABLE `periodo` (
  `idPeriodo` int(70) NOT NULL,
  `periodo` varchar(100) NOT NULL
) ENGINE=InnoDB DEFAULT CHARSET=utf8mb4;

--
-- Volcado de datos para la tabla `periodo`
--

INSERT INTO `periodo` (`idPeriodo`, `periodo`) VALUES
(1, 'ENERO-JUNIO 2020'),
(2, 'AGOSTO-DICIEMBRE 2020'),
(3, 'ENERO-JUNIO 2021'),
(4, 'AGOSTO-DICIEMBRE 2021'),
(5, 'ENERO-JUNIO 2022'),
(6, 'AGOSTO-DICIEMBRE 2022');

-- --------------------------------------------------------

--
-- Estructura de tabla para la tabla `personal_access_tokens`
--

CREATE TABLE `personal_access_tokens` (
  `id` bigint(20) UNSIGNED NOT NULL,
  `tokenable_type` varchar(255) COLLATE utf8mb4_unicode_ci NOT NULL,
  `tokenable_id` bigint(20) UNSIGNED NOT NULL,
  `name` varchar(255) COLLATE utf8mb4_unicode_ci NOT NULL,
  `token` varchar(64) COLLATE utf8mb4_unicode_ci NOT NULL,
  `abilities` text COLLATE utf8mb4_unicode_ci DEFAULT NULL,
  `last_used_at` timestamp NULL DEFAULT NULL,
  `created_at` timestamp NULL DEFAULT NULL,
  `updated_at` timestamp NULL DEFAULT NULL
) ENGINE=InnoDB DEFAULT CHARSET=utf8mb4 COLLATE=utf8mb4_unicode_ci;

-- --------------------------------------------------------

--
-- Estructura de tabla para la tabla `proyecto`
--

CREATE TABLE `proyecto` (
  `idProyecto` int(11) NOT NULL,
  `nomProyecto` varchar(255) NOT NULL,
  `modalidad` varchar(100) NOT NULL,
  `idAlumno` int(11) NOT NULL,
  `idPeriodo` int(11) NOT NULL,
  `idAsesorI` int(11) DEFAULT NULL,
  `idAsesorE` int(11) DEFAULT NULL,
  `idInstancia` int(11) NOT NULL
) ENGINE=InnoDB DEFAULT CHARSET=utf8mb4;

-- --------------------------------------------------------

--
-- Estructura de tabla para la tabla `sector`
--

CREATE TABLE `sector` (
  `idSector` int(11) NOT NULL,
  `nomSector` varchar(100) NOT NULL
) ENGINE=InnoDB DEFAULT CHARSET=utf8mb4;

--
-- Volcado de datos para la tabla `sector`
--

INSERT INTO `sector` (`idSector`, `nomSector`) VALUES
(1, 'PÚBLICO'),
(2, 'PRIVADO'),
(3, 'SOCIAL'),
(4, 'PRODUCTIVO');

-- --------------------------------------------------------

--
-- Estructura de tabla para la tabla `tamanio`
--

CREATE TABLE `tamanio` (
  `idTamanio` int(11) NOT NULL,
  `nomTamanio` varchar(100) NOT NULL
) ENGINE=InnoDB DEFAULT CHARSET=utf8mb4;

--
-- Volcado de datos para la tabla `tamanio`
--

INSERT INTO `tamanio` (`idTamanio`, `nomTamanio`) VALUES
(1, 'MICROEMPRESA'),
(2, 'PEQUEÑA'),
(3, 'MEDIANA'),
(4, 'GRAN EMPRESA');

-- --------------------------------------------------------

--
-- Estructura de tabla para la tabla `tipoconvenio`
--

CREATE TABLE `tipoconvenio` (
  `idTipoConvenio` int(11) NOT NULL,
  `nomTipoConvenio` varchar(100) NOT NULL
) ENGINE=InnoDB DEFAULT CHARSET=utf8mb4;

--
-- Volcado de datos para la tabla `tipoconvenio`
--

INSERT INTO `tipoconvenio` (`idTipoConvenio`, `nomTipoConvenio`) VALUES
(1, 'CONVENIOS DE RESIDENCIAS PROFESIONALES'),
(3, 'CONVENIO MARCO DE COLABORACIÓN ACADÉMICA, CIENTÍFICA Y TECNOLÓGICA'),
(4, 'CONVENIOS DE SERVICIO SOCIAL'),
(5, 'DONACIÓN'),
(7, 'ESPECÍFICO DE COLABORACIÓN'),
(8, 'ACUERDO DE PRE-INCUBACIÓN, INCUBACIÓN Y POST-INCUBACIÓN'),
(9, 'ACUERDO DE SERVICIO DE CONSULTORÍA Y ASISTENCIA TÉCNICA'),
(10, 'ACUERDO DE INCUBACIÓN'),
(11, 'ACUERDO DE TRABAJO'),
(12, 'CONVENIO DE COOPERACIÓN'),
(13, 'ESPECÍFICO DE COLABORACIÓN ICT ACADEMY PARTHER'),
(14, 'CARTA DE INTENCIÓN'),
(15, 'ESPECÍFICO DE COLABORACIÓN');

-- --------------------------------------------------------

--
-- Estructura de tabla para la tabla `tiposector`
--

CREATE TABLE `tiposector` (
  `idTipoSec` int(11) NOT NULL,
  `nomTipoSec` varchar(100) NOT NULL
) ENGINE=InnoDB DEFAULT CHARSET=utf8mb4;

--
-- Volcado de datos para la tabla `tiposector`
--

INSERT INTO `tiposector` (`idTipoSec`, `nomTipoSec`) VALUES
(1, 'GIRO COMERCIAL'),
(2, 'GIRO INDUSTRIAL'),
(3, 'GIRO SOCIAL'),
(4, 'SERVICIOS DE TURISMO'),
(5, 'SERVICIOS DE CULTURA Y ENTRETENIMIENTO'),
(6, 'SERVICIOS DE EDUCACIÓN'),
(7, 'SERVICIOS PRIVADOS'),
(8, 'SERVICIOS PÚBLICOS'),
(10, 'SERVICIOS DE SALUD');

-- --------------------------------------------------------

--
-- Estructura de tabla para la tabla `users`
--

CREATE TABLE `users` (
  `id` bigint(20) UNSIGNED NOT NULL,
  `name` varchar(255) COLLATE utf8mb4_unicode_ci NOT NULL,
  `email` varchar(255) COLLATE utf8mb4_unicode_ci NOT NULL,
  `email_verified_at` timestamp NULL DEFAULT NULL,
  `password` varchar(255) COLLATE utf8mb4_unicode_ci NOT NULL,
  `remember_token` varchar(100) COLLATE utf8mb4_unicode_ci DEFAULT NULL,
  `created_at` timestamp NULL DEFAULT NULL,
  `updated_at` timestamp NULL DEFAULT NULL
) ENGINE=InnoDB DEFAULT CHARSET=utf8mb4 COLLATE=utf8mb4_unicode_ci;

--
-- Volcado de datos para la tabla `users`
--

INSERT INTO `users` (`id`, `name`, `email`, `email_verified_at`, `password`, `remember_token`, `created_at`, `updated_at`) VALUES
(1, 'Victor Rodriguez', 'avictor.zrodriguez@gmail.com', NULL, '$2y$10$sd8MEsAlLVpRUEz.TPuSnOfpI5W5fR3moHkhqBTPcNbMktmZuKmIa', NULL, '2021-10-28 21:05:13', '2021-10-28 21:05:13');

--
-- Índices para tablas volcadas
--

--
-- Indices de la tabla `alcance`
--
ALTER TABLE `alcance`
  ADD PRIMARY KEY (`idAlcance`);

--
-- Indices de la tabla `alumno`
--
ALTER TABLE `alumno`
  ADD PRIMARY KEY (`idAlumno`),
  ADD KEY `idCarrera` (`idCarrera`);

--
-- Indices de la tabla `areaconoc`
--
ALTER TABLE `areaconoc`
  ADD PRIMARY KEY (`idAreaC`);

--
-- Indices de la tabla `asesorexterno`
--
ALTER TABLE `asesorexterno`
  ADD PRIMARY KEY (`idAsesorE`);

--
-- Indices de la tabla `asesorinterno`
--
ALTER TABLE `asesorinterno`
  ADD PRIMARY KEY (`idAsesorI`);

--
-- Indices de la tabla `carrera`
--
ALTER TABLE `carrera`
  ADD PRIMARY KEY (`idCarrera`);

--
-- Indices de la tabla `convenio`
--
ALTER TABLE `convenio`
  ADD PRIMARY KEY (`idConvenio`),
  ADD KEY `idTipoCon` (`idTipoCon`),
  ADD KEY `idInstancia` (`idInstancia`),
  ADD KEY `id` (`idUsuario`),
  ADD KEY `idIndicador` (`idIndicador`);

--
-- Indices de la tabla `failed_jobs`
--
ALTER TABLE `failed_jobs`
  ADD PRIMARY KEY (`id`),
  ADD UNIQUE KEY `failed_jobs_uuid_unique` (`uuid`);

--
-- Indices de la tabla `flights`
--
ALTER TABLE `flights`
  ADD PRIMARY KEY (`id`);

--
-- Indices de la tabla `giro`
--
ALTER TABLE `giro`
  ADD PRIMARY KEY (`idGiro`);

--
-- Indices de la tabla `indicador`
--
ALTER TABLE `indicador`
  ADD PRIMARY KEY (`idIndicador`);

--
-- Indices de la tabla `instancia`
--
ALTER TABLE `instancia`
  ADD PRIMARY KEY (`idInstancia`),
  ADD KEY `instancia_ibfk_1` (`idSector`),
  ADD KEY `instancia_ibfk_2` (`idGiro`),
  ADD KEY `instancia_ibfk_3` (`idTipoSec`),
  ADD KEY `instancia_ibfk_4` (`idTamanio`),
  ADD KEY `instancia_ibfk_6` (`idAreaC`),
  ADD KEY `idAlcance` (`idAlcance`);

--
-- Indices de la tabla `migrations`
--
ALTER TABLE `migrations`
  ADD PRIMARY KEY (`id`);

--
-- Indices de la tabla `password_resets`
--
ALTER TABLE `password_resets`
  ADD KEY `password_resets_email_index` (`email`);

--
-- Indices de la tabla `periodo`
--
ALTER TABLE `periodo`
  ADD PRIMARY KEY (`idPeriodo`);

--
-- Indices de la tabla `personal_access_tokens`
--
ALTER TABLE `personal_access_tokens`
  ADD PRIMARY KEY (`id`),
  ADD UNIQUE KEY `personal_access_tokens_token_unique` (`token`),
  ADD KEY `personal_access_tokens_tokenable_type_tokenable_id_index` (`tokenable_type`,`tokenable_id`);

--
-- Indices de la tabla `proyecto`
--
ALTER TABLE `proyecto`
  ADD PRIMARY KEY (`idProyecto`),
  ADD KEY `proyecto_ibfk_1` (`idInstancia`),
  ADD KEY `idAsesorE` (`idAsesorE`),
  ADD KEY `idAsesorI` (`idAsesorI`),
  ADD KEY `idAlumno` (`idAlumno`),
  ADD KEY `idPeriodo` (`idPeriodo`);

--
-- Indices de la tabla `sector`
--
ALTER TABLE `sector`
  ADD PRIMARY KEY (`idSector`);

--
-- Indices de la tabla `tamanio`
--
ALTER TABLE `tamanio`
  ADD PRIMARY KEY (`idTamanio`);

--
-- Indices de la tabla `tipoconvenio`
--
ALTER TABLE `tipoconvenio`
  ADD PRIMARY KEY (`idTipoConvenio`);

--
-- Indices de la tabla `tiposector`
--
ALTER TABLE `tiposector`
  ADD PRIMARY KEY (`idTipoSec`);

--
-- Indices de la tabla `users`
--
ALTER TABLE `users`
  ADD PRIMARY KEY (`id`),
  ADD UNIQUE KEY `users_email_unique` (`email`);

--
-- AUTO_INCREMENT de las tablas volcadas
--

--
-- AUTO_INCREMENT de la tabla `alcance`
--
ALTER TABLE `alcance`
  MODIFY `idAlcance` int(11) NOT NULL AUTO_INCREMENT, AUTO_INCREMENT=8;

--
-- AUTO_INCREMENT de la tabla `alumno`
--
ALTER TABLE `alumno`
  MODIFY `idAlumno` int(11) NOT NULL AUTO_INCREMENT, AUTO_INCREMENT=5;

--
-- AUTO_INCREMENT de la tabla `areaconoc`
--
ALTER TABLE `areaconoc`
  MODIFY `idAreaC` int(11) NOT NULL AUTO_INCREMENT, AUTO_INCREMENT=7;

--
-- AUTO_INCREMENT de la tabla `asesorexterno`
--
ALTER TABLE `asesorexterno`
  MODIFY `idAsesorE` int(11) NOT NULL AUTO_INCREMENT, AUTO_INCREMENT=6;

--
-- AUTO_INCREMENT de la tabla `asesorinterno`
--
ALTER TABLE `asesorinterno`
  MODIFY `idAsesorI` int(70) NOT NULL AUTO_INCREMENT, AUTO_INCREMENT=5;

--
-- AUTO_INCREMENT de la tabla `carrera`
--
ALTER TABLE `carrera`
  MODIFY `idCarrera` int(70) NOT NULL AUTO_INCREMENT, AUTO_INCREMENT=10;

--
-- AUTO_INCREMENT de la tabla `convenio`
--
ALTER TABLE `convenio`
  MODIFY `idConvenio` int(11) NOT NULL AUTO_INCREMENT, AUTO_INCREMENT=330;

--
-- AUTO_INCREMENT de la tabla `failed_jobs`
--
ALTER TABLE `failed_jobs`
  MODIFY `id` bigint(20) UNSIGNED NOT NULL AUTO_INCREMENT;

--
-- AUTO_INCREMENT de la tabla `flights`
--
ALTER TABLE `flights`
  MODIFY `id` bigint(20) UNSIGNED NOT NULL AUTO_INCREMENT;

--
-- AUTO_INCREMENT de la tabla `giro`
--
ALTER TABLE `giro`
  MODIFY `idGiro` int(11) NOT NULL AUTO_INCREMENT, AUTO_INCREMENT=4;

--
-- AUTO_INCREMENT de la tabla `indicador`
--
ALTER TABLE `indicador`
  MODIFY `idIndicador` int(11) NOT NULL AUTO_INCREMENT, AUTO_INCREMENT=35;

--
-- AUTO_INCREMENT de la tabla `instancia`
--
ALTER TABLE `instancia`
  MODIFY `idInstancia` int(11) NOT NULL AUTO_INCREMENT, AUTO_INCREMENT=186;

--
-- AUTO_INCREMENT de la tabla `migrations`
--
ALTER TABLE `migrations`
  MODIFY `id` int(10) UNSIGNED NOT NULL AUTO_INCREMENT, AUTO_INCREMENT=7;

--
-- AUTO_INCREMENT de la tabla `periodo`
--
ALTER TABLE `periodo`
  MODIFY `idPeriodo` int(70) NOT NULL AUTO_INCREMENT, AUTO_INCREMENT=8;

--
-- AUTO_INCREMENT de la tabla `personal_access_tokens`
--
ALTER TABLE `personal_access_tokens`
  MODIFY `id` bigint(20) UNSIGNED NOT NULL AUTO_INCREMENT;

--
-- AUTO_INCREMENT de la tabla `proyecto`
--
ALTER TABLE `proyecto`
  MODIFY `idProyecto` int(11) NOT NULL AUTO_INCREMENT;

--
-- AUTO_INCREMENT de la tabla `sector`
--
ALTER TABLE `sector`
  MODIFY `idSector` int(11) NOT NULL AUTO_INCREMENT, AUTO_INCREMENT=13;

--
-- AUTO_INCREMENT de la tabla `tamanio`
--
ALTER TABLE `tamanio`
  MODIFY `idTamanio` int(11) NOT NULL AUTO_INCREMENT, AUTO_INCREMENT=11;

--
-- AUTO_INCREMENT de la tabla `tipoconvenio`
--
ALTER TABLE `tipoconvenio`
  MODIFY `idTipoConvenio` int(11) NOT NULL AUTO_INCREMENT, AUTO_INCREMENT=16;

--
-- AUTO_INCREMENT de la tabla `tiposector`
--
ALTER TABLE `tiposector`
  MODIFY `idTipoSec` int(11) NOT NULL AUTO_INCREMENT, AUTO_INCREMENT=11;

--
-- AUTO_INCREMENT de la tabla `users`
--
ALTER TABLE `users`
  MODIFY `id` bigint(20) UNSIGNED NOT NULL AUTO_INCREMENT, AUTO_INCREMENT=2;

--
-- Restricciones para tablas volcadas
--

--
-- Filtros para la tabla `alumno`
--
ALTER TABLE `alumno`
  ADD CONSTRAINT `alumno_ibfk_1` FOREIGN KEY (`idCarrera`) REFERENCES `carrera` (`idCarrera`),
  ADD CONSTRAINT `idCarrera` FOREIGN KEY (`idCarrera`) REFERENCES `carrera` (`idCarrera`);

--
-- Filtros para la tabla `convenio`
--
ALTER TABLE `convenio`
  ADD CONSTRAINT `convenio_ibfk_1` FOREIGN KEY (`idTipoCon`) REFERENCES `tipoconvenio` (`idTipoConvenio`),
  ADD CONSTRAINT `convenio_ibfk_2` FOREIGN KEY (`idInstancia`) REFERENCES `instancia` (`idInstancia`),
  ADD CONSTRAINT `convenio_ibfk_3` FOREIGN KEY (`idUsuario`) REFERENCES `users` (`id`),
  ADD CONSTRAINT `convenio_ibfk_4` FOREIGN KEY (`idIndicador`) REFERENCES `indicador` (`idIndicador`);

--
-- Filtros para la tabla `instancia`
--
ALTER TABLE `instancia`
  ADD CONSTRAINT `instancia_ibfk_1` FOREIGN KEY (`idAlcance`) REFERENCES `alcance` (`idAlcance`);

--
-- Filtros para la tabla `proyecto`
--
ALTER TABLE `proyecto`
  ADD CONSTRAINT `proyecto_ibfk_1` FOREIGN KEY (`idInstancia`) REFERENCES `instancia` (`idInstancia`),
  ADD CONSTRAINT `proyecto_ibfk_2` FOREIGN KEY (`idAsesorE`) REFERENCES `asesorexterno` (`idAsesorE`),
  ADD CONSTRAINT `proyecto_ibfk_3` FOREIGN KEY (`idAsesorI`) REFERENCES `asesorinterno` (`idAsesorI`),
  ADD CONSTRAINT `proyecto_ibfk_4` FOREIGN KEY (`idAlumno`) REFERENCES `alumno` (`idAlumno`),
  ADD CONSTRAINT `proyecto_ibfk_5` FOREIGN KEY (`idPeriodo`) REFERENCES `periodo` (`idPeriodo`);
COMMIT;

/*!40101 SET CHARACTER_SET_CLIENT=@OLD_CHARACTER_SET_CLIENT */;
/*!40101 SET CHARACTER_SET_RESULTS=@OLD_CHARACTER_SET_RESULTS */;
/*!40101 SET COLLATION_CONNECTION=@OLD_COLLATION_CONNECTION */;
