-- phpMyAdmin SQL Dump
-- version 5.1.0
-- https://www.phpmyadmin.net/
--
-- Servidor: 127.0.0.1
-- Tiempo de generación: 14-11-2021 a las 20:23:35
-- Versión del servidor: 10.4.19-MariaDB
-- Versión de PHP: 8.0.6

SET SQL_MODE = "NO_AUTO_VALUE_ON_ZERO";
START TRANSACTION;
SET time_zone = "+00:00";


/*!40101 SET @OLD_CHARACTER_SET_CLIENT=@@CHARACTER_SET_CLIENT */;
/*!40101 SET @OLD_CHARACTER_SET_RESULTS=@@CHARACTER_SET_RESULTS */;
/*!40101 SET @OLD_COLLATION_CONNECTION=@@COLLATION_CONNECTION */;
/*!40101 SET NAMES utf8mb4 */;

--
-- Base de datos: `servicio-externo`
--

-- --------------------------------------------------------

--
-- Estructura de tabla para la tabla `alumno`
--

CREATE TABLE `alumno` (
  `idAlumno` int(11) NOT NULL,
  `nombre` varchar(100) NOT NULL,
  `email` varchar(100) NOT NULL,
  `telefono` varchar(100) NOT NULL,
  `idCarrera` int(11) DEFAULT NULL
) ENGINE=InnoDB DEFAULT CHARSET=utf8mb4;

--
-- Volcado de datos para la tabla `alumno`
--

INSERT INTO `alumno` (`idAlumno`, `nombre`, `email`, `telefono`, `idCarrera`) VALUES
(1, 'ABRAHAM VICTOR ZARAGOZA RODRIGUEZ', 'VICKO8148@GMAIL.COM', '9516129964', 2),
(3, 'ABIGAIL JOSEFINA CUEVAS ZÁRATE', 'ABI@GMAIL.COM', '9512782182', 6);

-- --------------------------------------------------------

--
-- Estructura de tabla para la tabla `areaconoc`
--

CREATE TABLE `areaconoc` (
  `idAreaC` int(11) NOT NULL,
  `nomAreaC` varchar(100) NOT NULL
) ENGINE=InnoDB DEFAULT CHARSET=utf8mb4;

--
-- Volcado de datos para la tabla `areaconoc`
--

INSERT INTO `areaconoc` (`idAreaC`, `nomAreaC`) VALUES
(1, 'I. y T. INGENIERÍA Y TECNOLOGÍA'),
(2, 'E.A. ECONOMÍA ADMINISTRATIVA'),
(3, 'C.N.E. CIENCIAS NATURALES Y EXACTAS'),
(4, 'A.F.E.P. AGROPECUARIAS, FORESTALES, EXTRACTIVAS, ETC.'),
(5, 'H. HUMANIDADES');

-- --------------------------------------------------------

--
-- Estructura de tabla para la tabla `asesorexterno`
--

CREATE TABLE `asesorexterno` (
  `idAsesorE` int(11) NOT NULL,
  `nombre` varchar(100) NOT NULL,
  `email` varchar(100) NOT NULL,
  `telefono` varchar(100) NOT NULL
) ENGINE=InnoDB DEFAULT CHARSET=utf8mb4;

--
-- Volcado de datos para la tabla `asesorexterno`
--

INSERT INTO `asesorexterno` (`idAsesorE`, `nombre`, `email`, `telefono`) VALUES
(2, 'JUAN PEREZ', 'JUAN@GMAIL.COM', '534323'),
(3, 'LUIS', 'LUIS@GMAIL.COM', '9378133');

-- --------------------------------------------------------

--
-- Estructura de tabla para la tabla `asesorinterno`
--

CREATE TABLE `asesorinterno` (
  `idAsesorI` int(70) NOT NULL,
  `nombre` varchar(100) NOT NULL,
  `email` varchar(100) NOT NULL,
  `telefono` varchar(100) NOT NULL
) ENGINE=InnoDB DEFAULT CHARSET=utf8mb4;

--
-- Volcado de datos para la tabla `asesorinterno`
--

INSERT INTO `asesorinterno` (`idAsesorI`, `nombre`, `email`, `telefono`) VALUES
(1, 'JUAN LUIS MENDEZ', 'JUAN-MENDEZ@GMAIL.COM', '9512782182'),
(3, 'CARLOS ENRIQUE MORALES BAUTISTA', 'CARLOS.MB@VOAXACA.TECNM.MX', '916387312');

-- --------------------------------------------------------

--
-- Estructura de tabla para la tabla `carrera`
--

CREATE TABLE `carrera` (
  `idCarrera` int(70) NOT NULL,
  `nomCarrera` varchar(100) NOT NULL
) ENGINE=InnoDB DEFAULT CHARSET=utf8mb4;

--
-- Volcado de datos para la tabla `carrera`
--

INSERT INTO `carrera` (`idCarrera`, `nomCarrera`) VALUES
(2, 'INGENIERÍA INFORMÁTICA'),
(3, 'INGENIERÍA FORESTAL'),
(4, 'INGENIERÍA AGRONOMÍA'),
(5, 'LICENCIATURA BIOLOGÍA'),
(6, 'INGENIERÍA TIC´S');

-- --------------------------------------------------------

--
-- Estructura de tabla para la tabla `convenio`
--

CREATE TABLE `convenio` (
  `idConvenio` int(11) NOT NULL,
  `folio` varchar(100) NOT NULL,
  `fechaFirma` date NOT NULL,
  `fechaVigencia` date NOT NULL,
  `estatus` varchar(100) NOT NULL,
  `idTipoCon` int(11) NOT NULL,
  `idInstancia` int(11) NOT NULL,
  `id` bigint(20) UNSIGNED NOT NULL
) ENGINE=InnoDB DEFAULT CHARSET=utf8mb4;

-- --------------------------------------------------------

--
-- Estructura de tabla para la tabla `detalleindicador`
--

CREATE TABLE `detalleindicador` (
  `idDetalle` int(11) NOT NULL,
  `idIndicador` int(11) NOT NULL,
  `idConvenio` int(11) NOT NULL
) ENGINE=InnoDB DEFAULT CHARSET=utf8mb4;

-- --------------------------------------------------------

--
-- Estructura de tabla para la tabla `failed_jobs`
--

CREATE TABLE `failed_jobs` (
  `id` bigint(20) UNSIGNED NOT NULL,
  `uuid` varchar(255) COLLATE utf8mb4_unicode_ci NOT NULL,
  `connection` text COLLATE utf8mb4_unicode_ci NOT NULL,
  `queue` text COLLATE utf8mb4_unicode_ci NOT NULL,
  `payload` longtext COLLATE utf8mb4_unicode_ci NOT NULL,
  `exception` longtext COLLATE utf8mb4_unicode_ci NOT NULL,
  `failed_at` timestamp NOT NULL DEFAULT current_timestamp()
) ENGINE=InnoDB DEFAULT CHARSET=utf8mb4 COLLATE=utf8mb4_unicode_ci;

-- --------------------------------------------------------

--
-- Estructura de tabla para la tabla `flights`
--

CREATE TABLE `flights` (
  `id` bigint(20) UNSIGNED NOT NULL,
  `created_at` timestamp NULL DEFAULT NULL,
  `updated_at` timestamp NULL DEFAULT NULL
) ENGINE=InnoDB DEFAULT CHARSET=utf8mb4 COLLATE=utf8mb4_unicode_ci;

-- --------------------------------------------------------

--
-- Estructura de tabla para la tabla `giro`
--

CREATE TABLE `giro` (
  `idGiro` int(11) NOT NULL,
  `nomGiro` varchar(100) NOT NULL
) ENGINE=InnoDB DEFAULT CHARSET=utf8mb4;

--
-- Volcado de datos para la tabla `giro`
--

INSERT INTO `giro` (`idGiro`, `nomGiro`) VALUES
(1, 'EMPRESAS DEL SECTOR PRIMARIO'),
(2, 'EMPRESAS DEL SECTOR SECUNDARIO'),
(3, 'EMPRESAS DEL SECTOR TERCIARIO O DE SERVICIOS');

-- --------------------------------------------------------

--
-- Estructura de tabla para la tabla `indicador`
--

CREATE TABLE `indicador` (
  `idIndicador` int(11) NOT NULL,
  `nombre` varchar(100) NOT NULL,
  `descripcion` varchar(255) NOT NULL
) ENGINE=InnoDB DEFAULT CHARSET=utf8mb4;

--
-- Volcado de datos para la tabla `indicador`
--

INSERT INTO `indicador` (`idIndicador`, `nombre`, `descripcion`) VALUES
(1, 'GESTIONAR PROGRAMAS DE SERVICIO SOCIAL', 'GESTIONAR PROGRAMAS DE SERVICIO SOCIAL QUE INCIDA EN EL NUMERO DE ESTUDIANTES QUE PUEDAN REALIZAR SU SERVICIO EN LA ATENCIÓN DE LOS PROBLEMAS REGIONALES O NACIONALES PRIORITARIOS.'),
(2, 'ESTABLECER MECANISMOS', 'ESTABLECER MECANISMOS DE COMUNICACIÓN CON INSTITUCIONES DE LOS TRES NIVELES DE GOBIERNO.'),
(3, 'FIRMAR CONVENIOS', 'FIRMAR CONVENIOS CON DEPENDENCIAS QUE ATIENDAN PROBLEMAS REGIONALES O NACIONALES PRIORITARIOS.'),
(4, 'INCREMENTAR Y GESTIONAR', 'INCREMENTAR Y GESTIONAR EL NÚMERO DE COMUNIDADES BENEFICIADAS POR EL SERVICIO SOCIAL.'),
(5, 'REALIZAR CONVENIOS', 'REALIZAR CONVENIOS CON COMUNIDADES AFINES AL PROGRAMA EDUCATIVO.'),
(6, 'REGISTRAR LOS PROGRAMAS', 'REGISTRAR LOS PROGRAMAS DE SERVICIO SOCIAL DE LAS COMUNIDADES.'),
(7, 'PROMOVER PROGRAMAS', 'PROMOVER PROGRAMAS DE SERVICIO SOCIAL EN COMUNIDADES PRIORITARIAS O DE MARGINACIÓN.'),
(8, 'INCREMENTAR EL NÚMERO', 'INCREMENTAR EL NÚMERO DE PERSONAS BENEFICIADAS POR LOS PRESTANTES DE SERVICIO SOCIAL.'),
(9, 'MANTENER ACTUAIZADO EL SII', 'MANTENER ACTUALIZADO EL SISTEMA INTEGRAL DE INFORMACIÓN PARA GENERAR LA ESTADÍSTICA DE PERSONAS BENEFICIADAS POR EL SERVICIO SOCIAL.'),
(10, 'ESTABLECER CONVENIOS', 'ESTABLECER LOS CONVENIOS DE COLABORACIÓN CON ESQUEMAS DE INVERSIÓN EN PROYECTOS DE CIENCIA, TECNOLOGÍA E INNOVACIÓN.'),
(11, 'PROPONER ESQUEMAS', 'PROPONER ESQUEMAS DE INVERSIÓN PARA ESTABLECER PROYECTOS DE CIENCIA, TECNOLOGÍA E INNOVACIÓN EN LAS REGIONES DEL ESTADO.'),
(12, 'PARTICIPAR EN ESQUEMAS', 'PARTICIPAR EN ESQUEMAS DE INVERSIÓN EN PROYECTOS DE CIENCIA, TECNOLOGÍA E INNOVACIÓN EN EL SECTOR REGIONAL.'),
(13, 'FIRMAR CONEVENIOS PARA EL APROVECHAMIENTO', 'FIRMAR CONVENIOS PARA EL APROVECHAMIENTO INTERINSTITUCIONAL DE LAS INSTALACIONES.'),
(14, 'ESQUEMAS DE CONVENIO USO COMPARTIDO', 'PROPONER ESQUEMAS DE CONVENIOS PARA EL USO COMPARTIDO DE LAS INSTALACIONES PARA LAS ACTIVIDADES CIENTÍFICAS, TECNOLÓGICAS Y DE INNOVACIÓN.'),
(15, 'CONSEJO DE VINCULACIÓN', 'MANTENER EL CONSEJO DE VINCULACIÓN.'),
(16, 'REALIZAR REUNIONES', 'REALIZAR REUNIONES ORDINARIAS DEL CONSEJO DE VINCULACIÓN.'),
(17, 'MECANISMOS DE VINCULACION', 'ESTABLECER MECANISMOS DE VINCULACIÓN CON LOS DIFERENTES SECTORES DE LA INICIATIVA PRIVADA.'),
(18, 'ACUERDO DE COOPERACIÓN', 'FIRMAR CONVENIO O ACUERDO DE COOPERACIÓN ENTRE INSTITUTOS TECNOLÓGICOS O CENTROS ADSCRITOS AL TECNM.');

-- --------------------------------------------------------

--
-- Estructura de tabla para la tabla `instancia`
--

CREATE TABLE `instancia` (
  `idInstancia` int(11) NOT NULL,
  `nombre` varchar(100) NOT NULL,
  `responsable` varchar(100) NOT NULL,
  `email` varchar(100) NOT NULL,
  `telefono` varchar(100) NOT NULL,
  `idGiro` int(11) DEFAULT NULL,
  `idSector` int(11) DEFAULT NULL,
  `idTipoSec` int(11) DEFAULT NULL,
  `idTamanio` int(11) DEFAULT NULL,
  `idAreaC` int(11) DEFAULT NULL,
  `alcance` varchar(100) NOT NULL
) ENGINE=InnoDB DEFAULT CHARSET=utf8mb4;

--
-- Volcado de datos para la tabla `instancia`
--

INSERT INTO `instancia` (`idInstancia`, `nombre`, `responsable`, `email`, `telefono`, `idGiro`, `idSector`, `idTipoSec`, `idTamanio`, `idAreaC`, `alcance`) VALUES
(1, 'COLEGIOS DE ESTUDIOS DE INFORMÁTICA', 'PAOLA ARRONA', 'CEI@GMAIL.COM', '9512782182', 1, 6, 6, 1, 1, 'NACIONAL'),
(2, 'EL FIDEICOMISO DEL JARDÍN HISTÓRICO ETNOBOTÁNICO DEL CENTRO CULTURAL SANTO DOMINGO', 'LIC. ARMANDO LABRA MANJARREZ', 'jetnobot@prodigy.net.mx', '(951) 516 5325', 3, 1, 5, 3, 3, 'NACIONAL'),
(3, 'LA ASOCIACIÓN PARA LA CONSERVACIÓN E INVESTIGACIÓN DE LA FLORA Y FAUNA OAXAQUEÑA.', 'C. VALFREN BAUTISTA GONZÁLEZ', 'webadmin@finanzasoaxaca.gob.mx', '(951) 5157828 / (951) 5133128', 1, 1, 8, NULL, 3, 'NACIONAL'),
(4, 'EL INSTITUTO NACIONAL DE ESTADÍSTICA, GEOGRAFÍA E INFORMÁTICA (INEGI)', 'ING. FERNANDO LUGO FLORES', 'atencion.usuarios@inegi.org.mx', '800 111 46 34', 3, 1, 6, NULL, 2, 'NACIONAL'),
(5, 'INSTITUTO TECNOLOGICO SUPERIOR DE TEPOSCOLULA \"ITSTE\"', '', 'SIN EMAIL', '01 (951) 51 7 07 88 / 51 7 04 44', NULL, 1, 6, NULL, 5, 'NACIONAL');

-- --------------------------------------------------------

--
-- Estructura de tabla para la tabla `migrations`
--

CREATE TABLE `migrations` (
  `id` int(10) UNSIGNED NOT NULL,
  `migration` varchar(255) COLLATE utf8mb4_unicode_ci NOT NULL,
  `batch` int(11) NOT NULL
) ENGINE=InnoDB DEFAULT CHARSET=utf8mb4 COLLATE=utf8mb4_unicode_ci;

--
-- Volcado de datos para la tabla `migrations`
--

INSERT INTO `migrations` (`id`, `migration`, `batch`) VALUES
(1, '2014_10_12_000000_create_users_table', 1),
(2, '2014_10_12_100000_create_password_resets_table', 1),
(3, '2019_08_19_000000_create_failed_jobs_table', 1),
(4, '2019_12_14_000001_create_personal_access_tokens_table', 1),
(5, '2021_10_26_223537_add_votes_to_users_table', 1),
(6, '2021_10_26_223710_create_flights_table', 1);

-- --------------------------------------------------------

--
-- Estructura de tabla para la tabla `password_resets`
--

CREATE TABLE `password_resets` (
  `email` varchar(255) COLLATE utf8mb4_unicode_ci NOT NULL,
  `token` varchar(255) COLLATE utf8mb4_unicode_ci NOT NULL,
  `created_at` timestamp NULL DEFAULT NULL
) ENGINE=InnoDB DEFAULT CHARSET=utf8mb4 COLLATE=utf8mb4_unicode_ci;

-- --------------------------------------------------------

--
-- Estructura de tabla para la tabla `periodo`
--

CREATE TABLE `periodo` (
  `idPeriodo` int(70) NOT NULL,
  `periodo` varchar(100) NOT NULL
) ENGINE=InnoDB DEFAULT CHARSET=utf8mb4;

--
-- Volcado de datos para la tabla `periodo`
--

INSERT INTO `periodo` (`idPeriodo`, `periodo`) VALUES
(1, 'ENERO-JUNIO 2020'),
(2, 'AGOSTO-DICIEMBRE 2020'),
(3, 'ENERO-JUNIO 2021'),
(4, 'AGOSTO-DICIEMBRE 2021'),
(5, 'ENERO-JUNIO 2022'),
(6, 'AGOSTO-DICIEMBRE 2022');

-- --------------------------------------------------------

--
-- Estructura de tabla para la tabla `personal_access_tokens`
--

CREATE TABLE `personal_access_tokens` (
  `id` bigint(20) UNSIGNED NOT NULL,
  `tokenable_type` varchar(255) COLLATE utf8mb4_unicode_ci NOT NULL,
  `tokenable_id` bigint(20) UNSIGNED NOT NULL,
  `name` varchar(255) COLLATE utf8mb4_unicode_ci NOT NULL,
  `token` varchar(64) COLLATE utf8mb4_unicode_ci NOT NULL,
  `abilities` text COLLATE utf8mb4_unicode_ci DEFAULT NULL,
  `last_used_at` timestamp NULL DEFAULT NULL,
  `created_at` timestamp NULL DEFAULT NULL,
  `updated_at` timestamp NULL DEFAULT NULL
) ENGINE=InnoDB DEFAULT CHARSET=utf8mb4 COLLATE=utf8mb4_unicode_ci;

-- --------------------------------------------------------

--
-- Estructura de tabla para la tabla `proyecto`
--

CREATE TABLE `proyecto` (
  `idProyecto` int(11) NOT NULL,
  `nomProyecto` int(255) NOT NULL,
  `modalidad` int(100) NOT NULL,
  `idAlumno` int(11) NOT NULL,
  `idPeriodo` int(11) NOT NULL,
  `idAsesorI` int(11) NOT NULL,
  `idAsesorE` int(11) NOT NULL,
  `idinstancia` int(11) NOT NULL
) ENGINE=InnoDB DEFAULT CHARSET=utf8mb4;

-- --------------------------------------------------------

--
-- Estructura de tabla para la tabla `sector`
--

CREATE TABLE `sector` (
  `idSector` int(11) NOT NULL,
  `nomSector` varchar(100) NOT NULL
) ENGINE=InnoDB DEFAULT CHARSET=utf8mb4;

--
-- Volcado de datos para la tabla `sector`
--

INSERT INTO `sector` (`idSector`, `nomSector`) VALUES
(1, 'PÚBLICO'),
(2, 'PRIVADO'),
(3, 'SOCIAL'),
(4, 'PRODUCTIVO');

-- --------------------------------------------------------

--
-- Estructura de tabla para la tabla `tamanio`
--

CREATE TABLE `tamanio` (
  `idTamanio` int(11) NOT NULL,
  `nomTamanio` varchar(100) NOT NULL
) ENGINE=InnoDB DEFAULT CHARSET=utf8mb4;

--
-- Volcado de datos para la tabla `tamanio`
--

INSERT INTO `tamanio` (`idTamanio`, `nomTamanio`) VALUES
(1, 'MICROEMPRESA'),
(2, 'PEQUEÑA'),
(3, 'MEDIANA'),
(4, 'GRAN EMPRESA');

-- --------------------------------------------------------

--
-- Estructura de tabla para la tabla `tipoconvenio`
--

CREATE TABLE `tipoconvenio` (
  `idTipoConvenio` int(11) NOT NULL,
  `nomTipoConvenio` varchar(100) NOT NULL
) ENGINE=InnoDB DEFAULT CHARSET=utf8mb4;

--
-- Volcado de datos para la tabla `tipoconvenio`
--

INSERT INTO `tipoconvenio` (`idTipoConvenio`, `nomTipoConvenio`) VALUES
(1, 'CONVENIOS DE RESIDENCIAS PROFESIONALES'),
(3, 'CONVENIO MARCO DE COLABORACIÓN ACADÉMICA, CIENTÍFICA Y TECNOLÓGICA'),
(4, 'CONVENIOS DE SERVICIO SOCIAL');

-- --------------------------------------------------------

--
-- Estructura de tabla para la tabla `tiposector`
--

CREATE TABLE `tiposector` (
  `idTipoSec` int(11) NOT NULL,
  `nomTipoSec` varchar(100) NOT NULL
) ENGINE=InnoDB DEFAULT CHARSET=utf8mb4;

--
-- Volcado de datos para la tabla `tiposector`
--

INSERT INTO `tiposector` (`idTipoSec`, `nomTipoSec`) VALUES
(1, 'GIRO COMERCIAL'),
(2, 'GIRO INDUSTRIAL'),
(3, 'GIRO SOCIAL'),
(4, 'SERVICIOS DE TURISMO'),
(5, 'SERVICIOS DE CULTURA Y ENTRETENIMIENTO'),
(6, 'SERVICIOS DE EDUCACIÓN'),
(7, 'SERVICIOS PRIVADOS'),
(8, 'SERVICIOS PÚBLICOS');

-- --------------------------------------------------------

--
-- Estructura de tabla para la tabla `users`
--

CREATE TABLE `users` (
  `id` bigint(20) UNSIGNED NOT NULL,
  `name` varchar(255) COLLATE utf8mb4_unicode_ci NOT NULL,
  `email` varchar(255) COLLATE utf8mb4_unicode_ci NOT NULL,
  `email_verified_at` timestamp NULL DEFAULT NULL,
  `password` varchar(255) COLLATE utf8mb4_unicode_ci NOT NULL,
  `remember_token` varchar(100) COLLATE utf8mb4_unicode_ci DEFAULT NULL,
  `created_at` timestamp NULL DEFAULT NULL,
  `updated_at` timestamp NULL DEFAULT NULL
) ENGINE=InnoDB DEFAULT CHARSET=utf8mb4 COLLATE=utf8mb4_unicode_ci;

--
-- Volcado de datos para la tabla `users`
--

INSERT INTO `users` (`id`, `name`, `email`, `email_verified_at`, `password`, `remember_token`, `created_at`, `updated_at`) VALUES
(1, 'Victor Rodriguez', 'avictor.zrodriguez@gmail.com', NULL, '$2y$10$sd8MEsAlLVpRUEz.TPuSnOfpI5W5fR3moHkhqBTPcNbMktmZuKmIa', NULL, '2021-10-28 21:05:13', '2021-10-28 21:05:13');

--
-- Índices para tablas volcadas
--

--
-- Indices de la tabla `alumno`
--
ALTER TABLE `alumno`
  ADD PRIMARY KEY (`idAlumno`),
  ADD KEY `idCarrera` (`idCarrera`);

--
-- Indices de la tabla `areaconoc`
--
ALTER TABLE `areaconoc`
  ADD PRIMARY KEY (`idAreaC`);

--
-- Indices de la tabla `asesorexterno`
--
ALTER TABLE `asesorexterno`
  ADD PRIMARY KEY (`idAsesorE`);

--
-- Indices de la tabla `asesorinterno`
--
ALTER TABLE `asesorinterno`
  ADD PRIMARY KEY (`idAsesorI`);

--
-- Indices de la tabla `carrera`
--
ALTER TABLE `carrera`
  ADD PRIMARY KEY (`idCarrera`);

--
-- Indices de la tabla `convenio`
--
ALTER TABLE `convenio`
  ADD PRIMARY KEY (`idConvenio`),
  ADD KEY `idTipoCon` (`idTipoCon`),
  ADD KEY `idInstancia` (`idInstancia`),
  ADD KEY `id` (`id`);

--
-- Indices de la tabla `detalleindicador`
--
ALTER TABLE `detalleindicador`
  ADD PRIMARY KEY (`idDetalle`),
  ADD KEY `idConvenio` (`idConvenio`),
  ADD KEY `idIndicador` (`idIndicador`);

--
-- Indices de la tabla `failed_jobs`
--
ALTER TABLE `failed_jobs`
  ADD PRIMARY KEY (`id`),
  ADD UNIQUE KEY `failed_jobs_uuid_unique` (`uuid`);

--
-- Indices de la tabla `flights`
--
ALTER TABLE `flights`
  ADD PRIMARY KEY (`id`);

--
-- Indices de la tabla `giro`
--
ALTER TABLE `giro`
  ADD PRIMARY KEY (`idGiro`);

--
-- Indices de la tabla `indicador`
--
ALTER TABLE `indicador`
  ADD PRIMARY KEY (`idIndicador`);

--
-- Indices de la tabla `instancia`
--
ALTER TABLE `instancia`
  ADD PRIMARY KEY (`idInstancia`),
  ADD KEY `instancia_ibfk_1` (`idSector`),
  ADD KEY `instancia_ibfk_2` (`idGiro`),
  ADD KEY `instancia_ibfk_3` (`idTipoSec`),
  ADD KEY `instancia_ibfk_4` (`idTamanio`),
  ADD KEY `instancia_ibfk_6` (`idAreaC`);

--
-- Indices de la tabla `migrations`
--
ALTER TABLE `migrations`
  ADD PRIMARY KEY (`id`);

--
-- Indices de la tabla `password_resets`
--
ALTER TABLE `password_resets`
  ADD KEY `password_resets_email_index` (`email`);

--
-- Indices de la tabla `periodo`
--
ALTER TABLE `periodo`
  ADD PRIMARY KEY (`idPeriodo`);

--
-- Indices de la tabla `personal_access_tokens`
--
ALTER TABLE `personal_access_tokens`
  ADD PRIMARY KEY (`id`),
  ADD UNIQUE KEY `personal_access_tokens_token_unique` (`token`),
  ADD KEY `personal_access_tokens_tokenable_type_tokenable_id_index` (`tokenable_type`,`tokenable_id`);

--
-- Indices de la tabla `proyecto`
--
ALTER TABLE `proyecto`
  ADD PRIMARY KEY (`idProyecto`),
  ADD KEY `proyecto_ibfk_1` (`idinstancia`),
  ADD KEY `idAsesorE` (`idAsesorE`),
  ADD KEY `idAsesorI` (`idAsesorI`),
  ADD KEY `idAlumno` (`idAlumno`),
  ADD KEY `idPeriodo` (`idPeriodo`);

--
-- Indices de la tabla `sector`
--
ALTER TABLE `sector`
  ADD PRIMARY KEY (`idSector`);

--
-- Indices de la tabla `tamanio`
--
ALTER TABLE `tamanio`
  ADD PRIMARY KEY (`idTamanio`);

--
-- Indices de la tabla `tipoconvenio`
--
ALTER TABLE `tipoconvenio`
  ADD PRIMARY KEY (`idTipoConvenio`);

--
-- Indices de la tabla `tiposector`
--
ALTER TABLE `tiposector`
  ADD PRIMARY KEY (`idTipoSec`);

--
-- Indices de la tabla `users`
--
ALTER TABLE `users`
  ADD PRIMARY KEY (`id`),
  ADD UNIQUE KEY `users_email_unique` (`email`);

--
-- AUTO_INCREMENT de las tablas volcadas
--

--
-- AUTO_INCREMENT de la tabla `alumno`
--
ALTER TABLE `alumno`
  MODIFY `idAlumno` int(11) NOT NULL AUTO_INCREMENT, AUTO_INCREMENT=5;

--
-- AUTO_INCREMENT de la tabla `areaconoc`
--
ALTER TABLE `areaconoc`
  MODIFY `idAreaC` int(11) NOT NULL AUTO_INCREMENT, AUTO_INCREMENT=6;

--
-- AUTO_INCREMENT de la tabla `asesorexterno`
--
ALTER TABLE `asesorexterno`
  MODIFY `idAsesorE` int(11) NOT NULL AUTO_INCREMENT, AUTO_INCREMENT=4;

--
-- AUTO_INCREMENT de la tabla `asesorinterno`
--
ALTER TABLE `asesorinterno`
  MODIFY `idAsesorI` int(70) NOT NULL AUTO_INCREMENT, AUTO_INCREMENT=4;

--
-- AUTO_INCREMENT de la tabla `carrera`
--
ALTER TABLE `carrera`
  MODIFY `idCarrera` int(70) NOT NULL AUTO_INCREMENT, AUTO_INCREMENT=8;

--
-- AUTO_INCREMENT de la tabla `convenio`
--
ALTER TABLE `convenio`
  MODIFY `idConvenio` int(11) NOT NULL AUTO_INCREMENT;

--
-- AUTO_INCREMENT de la tabla `detalleindicador`
--
ALTER TABLE `detalleindicador`
  MODIFY `idDetalle` int(11) NOT NULL AUTO_INCREMENT;

--
-- AUTO_INCREMENT de la tabla `failed_jobs`
--
ALTER TABLE `failed_jobs`
  MODIFY `id` bigint(20) UNSIGNED NOT NULL AUTO_INCREMENT;

--
-- AUTO_INCREMENT de la tabla `flights`
--
ALTER TABLE `flights`
  MODIFY `id` bigint(20) UNSIGNED NOT NULL AUTO_INCREMENT;

--
-- AUTO_INCREMENT de la tabla `giro`
--
ALTER TABLE `giro`
  MODIFY `idGiro` int(11) NOT NULL AUTO_INCREMENT, AUTO_INCREMENT=4;

--
-- AUTO_INCREMENT de la tabla `indicador`
--
ALTER TABLE `indicador`
  MODIFY `idIndicador` int(11) NOT NULL AUTO_INCREMENT, AUTO_INCREMENT=19;

--
-- AUTO_INCREMENT de la tabla `instancia`
--
ALTER TABLE `instancia`
  MODIFY `idInstancia` int(11) NOT NULL AUTO_INCREMENT, AUTO_INCREMENT=6;

--
-- AUTO_INCREMENT de la tabla `migrations`
--
ALTER TABLE `migrations`
  MODIFY `id` int(10) UNSIGNED NOT NULL AUTO_INCREMENT, AUTO_INCREMENT=7;

--
-- AUTO_INCREMENT de la tabla `periodo`
--
ALTER TABLE `periodo`
  MODIFY `idPeriodo` int(70) NOT NULL AUTO_INCREMENT, AUTO_INCREMENT=7;

--
-- AUTO_INCREMENT de la tabla `personal_access_tokens`
--
ALTER TABLE `personal_access_tokens`
  MODIFY `id` bigint(20) UNSIGNED NOT NULL AUTO_INCREMENT;

--
-- AUTO_INCREMENT de la tabla `proyecto`
--
ALTER TABLE `proyecto`
  MODIFY `idProyecto` int(11) NOT NULL AUTO_INCREMENT;

--
-- AUTO_INCREMENT de la tabla `sector`
--
ALTER TABLE `sector`
  MODIFY `idSector` int(11) NOT NULL AUTO_INCREMENT, AUTO_INCREMENT=11;

--
-- AUTO_INCREMENT de la tabla `tamanio`
--
ALTER TABLE `tamanio`
  MODIFY `idTamanio` int(11) NOT NULL AUTO_INCREMENT, AUTO_INCREMENT=10;

--
-- AUTO_INCREMENT de la tabla `tipoconvenio`
--
ALTER TABLE `tipoconvenio`
  MODIFY `idTipoConvenio` int(11) NOT NULL AUTO_INCREMENT, AUTO_INCREMENT=5;

--
-- AUTO_INCREMENT de la tabla `tiposector`
--
ALTER TABLE `tiposector`
  MODIFY `idTipoSec` int(11) NOT NULL AUTO_INCREMENT, AUTO_INCREMENT=9;

--
-- AUTO_INCREMENT de la tabla `users`
--
ALTER TABLE `users`
  MODIFY `id` bigint(20) UNSIGNED NOT NULL AUTO_INCREMENT, AUTO_INCREMENT=2;

--
-- Restricciones para tablas volcadas
--

--
-- Filtros para la tabla `alumno`
--
ALTER TABLE `alumno`
  ADD CONSTRAINT `alumno_ibfk_1` FOREIGN KEY (`idCarrera`) REFERENCES `carrera` (`idCarrera`),
  ADD CONSTRAINT `idCarrera` FOREIGN KEY (`idCarrera`) REFERENCES `carrera` (`idCarrera`);

--
-- Filtros para la tabla `convenio`
--
ALTER TABLE `convenio`
  ADD CONSTRAINT `convenio_ibfk_1` FOREIGN KEY (`idTipoCon`) REFERENCES `tipoconvenio` (`idTipoConvenio`),
  ADD CONSTRAINT `convenio_ibfk_2` FOREIGN KEY (`idInstancia`) REFERENCES `instancia` (`idInstancia`),
  ADD CONSTRAINT `convenio_ibfk_3` FOREIGN KEY (`id`) REFERENCES `users` (`id`);

--
-- Filtros para la tabla `detalleindicador`
--
ALTER TABLE `detalleindicador`
  ADD CONSTRAINT `detalleindicador_ibfk_1` FOREIGN KEY (`idConvenio`) REFERENCES `convenio` (`idConvenio`),
  ADD CONSTRAINT `detalleindicador_ibfk_2` FOREIGN KEY (`idIndicador`) REFERENCES `indicador` (`idIndicador`);

--
-- Filtros para la tabla `proyecto`
--
ALTER TABLE `proyecto`
  ADD CONSTRAINT `proyecto_ibfk_1` FOREIGN KEY (`idinstancia`) REFERENCES `instancia` (`idInstancia`),
  ADD CONSTRAINT `proyecto_ibfk_2` FOREIGN KEY (`idAsesorE`) REFERENCES `asesorexterno` (`idAsesorE`),
  ADD CONSTRAINT `proyecto_ibfk_3` FOREIGN KEY (`idAsesorI`) REFERENCES `asesorinterno` (`idAsesorI`),
  ADD CONSTRAINT `proyecto_ibfk_4` FOREIGN KEY (`idAlumno`) REFERENCES `alumno` (`idAlumno`),
  ADD CONSTRAINT `proyecto_ibfk_5` FOREIGN KEY (`idPeriodo`) REFERENCES `periodo` (`idPeriodo`);
COMMIT;

/*!40101 SET CHARACTER_SET_CLIENT=@OLD_CHARACTER_SET_CLIENT */;
/*!40101 SET CHARACTER_SET_RESULTS=@OLD_CHARACTER_SET_RESULTS */;
/*!40101 SET COLLATION_CONNECTION=@OLD_COLLATION_CONNECTION */;
